match_id,match,liga,selection,data_status,sample_status,prior_status,shrinkage_applied,p_model,p_market,delta_model_market_pp,p_scoreline,p_strength,p_market_component,p_scoreline_raw,p_strength_raw,n_current_home,n_current_away,n_prior_home,n_prior_away,weight_current,weight_prior,haircut_total,p_adj,scoreline_strength_gap,model_top1,market_top1,scoreline_top1,strength_top1,scoreline_raw_top1,strength_raw_top1,pdraw_model,pdraw_market,lambda_home_scoreline,lambda_away_scoreline,lambda_home_scoreline_raw,lambda_away_scoreline_raw
8419397,Central Córdoba SdE vs Defensa y Justicia,,1X,CRITICAL MISSING,VERIFIED,,NU,,0.6551724138,,0.6467511824,0.5716293169,0.6551724138,0.6467511824,0.5716293169,12,12,390,390,1,0,0.025,,0.0758857302,,0.3448275862,0.3818409404,0.4283706831,0.3818409404,0.4283706831,,0.3103448276,1.320833333,1.26,1.320833333,1.26
8419397,Central Córdoba SdE vs Defensa y Justicia,,X2,CRITICAL MISSING,VERIFIED,,NU,,0.6551724138,,0.6181590596,0.6940447898,0.6551724138,0.6181590596,0.6940447898,12,12,390,390,1,0,0.025,,0.0758857302,,0.3448275862,0.3818409404,0.4283706831,0.3818409404,0.4283706831,,0.3103448276,1.320833333,1.26,1.320833333,1.26
8419397,Central Córdoba SdE vs Defensa y Justicia,,12,CRITICAL MISSING,VERIFIED,,NU,,0.6896551724,,0.735089758,0.7343258933,0.6896551724,0.735089758,0.7343258933,12,12,390,390,1,0,0.025,,0.0758857302,,0.3448275862,0.3818409404,0.4283706831,0.3818409404,0.4283706831,,0.3103448276,1.320833333,1.26,1.320833333,1.26
8391086,New York City vs New York RB,USA MLS,1X,READY,VERIFIED,,NU,0.7069154362,0.7650700554,-5.815461917,0.7008852475,0.6608211946,0.7650700554,0.7008852475,0.6608211946,13,13,372,372,1,0,0.025,0.6819154362,0.05137987125,0.4743759202,0.5369827305,0.4706336072,0.4192537359,0.4706336072,0.4192537359,0.232539516,0.2280873249,1.790769231,1.388076923,1.790769231,1.388076923
8391086,New York City vs New York RB,USA MLS,X2,READY,VERIFIED,,NU,0.5256240798,0.4630172695,6.260681031,0.5293663928,0.5807462641,0.4630172695,0.5293663928,0.5807462641,13,13,372,372,1,0,0.025,0.5006240798,0.05137987125,0.4743759202,0.5369827305,0.4706336072,0.4192537359,0.4706336072,0.4192537359,0.232539516,0.2280873249,1.790769231,1.388076923,1.790769231,1.388076923
8391086,New York City vs New York RB,USA MLS,12,READY,VERIFIED,,NU,0.767460484,0.7719126751,-0.4452191144,0.7697483597,0.7584325414,0.7719126751,0.7697483597,0.7584325414,13,13,372,372,1,0,0.025,0.742460484,0.05137987125,0.4743759202,0.5369827305,0.4706336072,0.4192537359,0.4706336072,0.4192537359,0.232539516,0.2280873249,1.790769231,1.388076923,1.790769231,1.388076923
8419475,Racing Club vs Sarmiento,,1X,CRITICAL MISSING,VERIFIED,,NU,,0.8160976825,,0.7402918294,0.6652756313,0.8160976825,0.7402918294,0.6652756313,12,12,390,390,1,0,0.025,,0.08810405284,,0.5606777972,0.4911143386,0.4030102858,0.4911143386,0.4030102858,,0.2554198854,1.598333333,1.091666667,1.598333333,1.091666667
8419475,Racing Club vs Sarmiento,,X2,CRITICAL MISSING,VERIFIED,,NU,,0.4393222028,,0.5088856614,0.5969897142,0.4393222028,0.5088856614,0.5969897142,12,12,390,390,1,0,0.025,,0.08810405284,,0.5606777972,0.4911143386,0.4030102858,0.4911143386,0.4030102858,,0.2554198854,1.598333333,1.091666667,1.598333333,1.091666667
8419475,Racing Club vs Sarmiento,,12,CRITICAL MISSING,VERIFIED,,NU,,0.7445801146,,0.7508225092,0.7377346545,0.7445801146,0.7508225092,0.7377346545,12,12,390,390,1,0,0.025,,0.08810405284,,0.5606777972,0.4911143386,0.4030102858,0.4911143386,0.4030102858,,0.2554198854,1.598333333,1.091666667,1.598333333,1.091666667
8612443,Stefanesti vs Metaloglobus,Romania Liga II,1X,READY,SMALL SAMPLE,PRIOR / SHRINKAGE,DA,0.6447009476,0.5113772455,13.33237021,0.7242235369,0.6189794713,0.5113772455,0.6925269002,0.5618954168,3,3,77,77,0.0375,0.9625,0.045,0.5997009476,0.1137218587,0.4010043933,0.4886227545,0.4897853994,0.3810205287,0.4753220323,0.4381045832,0.2436965544,0.262994012,1.75440625,1.26203125,1.9725,1.559166667
8612443,Stefanesti vs Metaloglobus,Romania Liga II,X2,READY,SMALL SAMPLE,PRIOR / SHRINKAGE,DA,0.5989956067,0.7516167665,-15.26211598,0.5102146006,0.6239364592,0.7516167665,0.5246779677,0.6736605874,3,3,77,77,0.0375,0.9625,0.045,0.5539956067,0.1137218587,0.4010043933,0.4886227545,0.4897853994,0.3810205287,0.4753220323,0.4381045832,0.2436965544,0.262994012,1.75440625,1.26203125,1.9725,1.559166667
8612443,Stefanesti vs Metaloglobus,Romania Liga II,12,READY,SMALL SAMPLE,PRIOR / SHRINKAGE,DA,0.7563034456,0.737005988,1.929745761,0.7655618625,0.7570840695,0.737005988,0.7827951322,0.7644439958,3,3,77,77,0.0375,0.9625,0.045,0.7113034456,0.1137218587,0.4010043933,0.4886227545,0.4897853994,0.3810205287,0.4753220323,0.4381045832,0.2436965544,0.262994012,1.75440625,1.26203125,1.9725,1.559166667
8612487,Unirea Slobozia vs Chindia Târgovişte,Romania Liga II,1X,READY,SMALL SAMPLE,PRIOR / SHRINKAGE,DA,0.6494427962,0.5315240084,11.79187879,0.724285714,0.6176757486,0.5315240084,0.7096365098,0.533371255,3,4,77,77,0.0375,0.9625,0.045,0.6044427962,0.1149385232,0.4041892455,0.4684759916,0.4899666993,0.3823242514,0.4955071945,0.466628745,0.2452535508,0.2697286013,1.755908179,1.262795525,2.0325,1.524166667
8612487,Unirea Slobozia vs Chindia Târgovişte,Romania Liga II,X2,READY,SMALL SAMPLE,PRIOR / SHRINKAGE,DA,0.5958107545,0.7382045929,-14.23938384,0.5100333007,0.6249718239,0.7382045929,0.5044928055,0.6945170993,3,4,77,77,0.0375,0.9625,0.045,0.5508107545,0.1149385232,0.4041892455,0.4684759916,0.4899666993,0.3823242514,0.4955071945,0.466628745,0.2452535508,0.2697286013,1.755908179,1.262795525,2.0325,1.524166667
8612487,Unirea Slobozia vs Chindia Târgovişte,Romania Liga II,12,READY,SMALL SAMPLE,PRIOR / SHRINKAGE,DA,0.7547464492,0.7302713987,2.447505048,0.7656809854,0.7573524274,0.7302713987,0.7858706847,0.7721116457,3,4,77,77,0.0375,0.9625,0.045,0.7097464492,0.1149385232,0.4041892455,0.4684759916,0.4899666993,0.3823242514,0.4955071945,0.466628745,0.2452535508,0.2697286013,1.755908179,1.262795525,2.0325,1.524166667
8612492,Slatina vs Viitorul Şelimbăr,Romania Liga II,1X,READY,SMALL SAMPLE,PRIOR / SHRINKAGE,DA,0.7452375631,0.8856465439,-14.04089808,0.7322433829,0.6308169427,0.8856465439,0.8543740873,0.8183909376,3,4,77,77,0.0375,0.9625,0.045,0.7002375631,0.1117723374,0.5196094892,0.6930512493,0.4990530149,0.3872806775,0.6778853084,0.595690718,0.2256280739,0.1925952945,1.773802469,1.240930556,2.423333333,1.0425
8612492,Slatina vs Viitorul Şelimbăr,Romania Liga II,X2,READY,SMALL SAMPLE,PRIOR / SHRINKAGE,DA,0.4803905108,0.3069487507,17.34417602,0.5009469851,0.6127193225,0.3069487507,0.3221146916,0.404309282,3,4,77,77,0.0375,0.9625,0.045,0.4353905108,0.1117723374,0.5196094892,0.6930512493,0.4990530149,0.3872806775,0.6778853084,0.595690718,0.2256280739,0.1925952945,1.773802469,1.240930556,2.423333333,1.0425
8612492,Slatina vs Viitorul Şelimbăr,Romania Liga II,12,READY,SMALL SAMPLE,PRIOR / SHRINKAGE,DA,0.7743719261,0.8074047055,-3.303277937,0.766809632,0.7564637348,0.8074047055,0.8235112211,0.7772997803,3,4,77,77,0.0375,0.9625,0.045,0.7293719261,0.1117723374,0.5196094892,0.6930512493,0.4990530149,0.3872806775,0.6778853084,0.595690718,0.2256280739,0.1925952945,1.773802469,1.240930556,2.423333333,1.0425
8612564,FC Bacău vs FC Cetatea Suceava,Romania Liga II,1X,READY,SMALL SAMPLE,PRIOR / SHRINKAGE,DA,0.7166750045,0.7863994884,-6.972448384,0.7286456105,0.6230093087,0.7863994884,0.7675808398,0.6535024761,4,3,77,77,0.04938271605,0.950617284,0.045,0.6716750045,0.1137359255,0.4762051571,0.5371988915,0.4937858875,0.380049962,0.5386455549,0.4157781468,0.2404698474,0.2492005969,1.751669753,1.241319444,1.829166667,1.124166667
8612564,FC Bacău vs FC Cetatea Suceava,Romania Liga II,X2,READY,SMALL SAMPLE,PRIOR / SHRINKAGE,DA,0.5237948429,0.4628011085,6.099373439,0.5062141125,0.619950038,0.4628011085,0.4613544451,0.5842218532,4,3,77,77,0.04938271605,0.950617284,0.045,0.4787948429,0.1137359255,0.4762051571,0.5371988915,0.4937858875,0.380049962,0.5386455549,0.4157781468,0.2404698474,0.2492005969,1.751669753,1.241319444,1.829166667,1.124166667
8612564,FC Bacău vs FC Cetatea Suceava,Romania Liga II,12,READY,SMALL SAMPLE,PRIOR / SHRINKAGE,DA,0.7595301526,0.7507994031,0.8730749453,0.765140277,0.7570406532,0.7507994031,0.771064715,0.7622756707,4,3,77,77,0.04938271605,0.950617284,0.045,0.7145301526,0.1137359255,0.4762051571,0.5371988915,0.4937858875,0.380049962,0.5386455549,0.4157781468,0.2404698474,0.2492005969,1.751669753,1.241319444,1.829166667,1.124166667
8612599,CSM Satu Mare vs Afumaţi,Romania Liga II,1X,READY,SMALL SAMPLE,PRIOR / SHRINKAGE,DA,0.646819146,0.5264623955,12.03567504,0.720871617,0.6190709543,0.5264623955,0.5757985275,0.5585503205,3,3,77,77,0.0375,0.9625,0.045,0.601819146,0.1088132222,0.4013996309,0.4735376045,0.4837268493,0.3809290457,0.4242014725,0.4414496795,0.2454195151,0.2632311978,1.7194375,1.25225,1.04,1.298333333
8612599,CSM Satu Mare vs Afumaţi,Romania Liga II,X2,READY,SMALL SAMPLE,PRIOR / SHRINKAGE,DA,0.5986003691,0.7367688022,-13.81684331,0.5162731507,0.6250863729,0.7367688022,0.7021409676,0.7071624422,3,3,77,77,0.0375,0.9625,0.045,0.5536003691,0.1088132222,0.4013996309,0.4735376045,0.4837268493,0.3809290457,0.4242014725,0.4414496795,0.2454195151,0.2632311978,1.7194375,1.25225,1.04,1.298333333
8612599,CSM Satu Mare vs Afumaţi,Romania Liga II,12,READY,SMALL SAMPLE,PRIOR / SHRINKAGE,DA,0.7545804849,0.7367688022,1.78116827,0.7628552323,0.7558426728,0.7367688022,0.722060505,0.7342872374,3,3,77,77,0.0375,0.9625,0.045,0.7095804849,0.1088132222,0.4013996309,0.4735376045,0.4837268493,0.3809290457,0.4242014725,0.4414496795,0.2454195151,0.2632311978,1.7194375,1.25225,1.04,1.298333333
8612613,CSA Steaua Bucureşti vs ACS Gloria Bistrita,Romania Liga II,1X,READY,SMALL SAMPLE,PRIOR / SHRINKAGE,DA,0.6902094188,0.7103520242,-2.014260542,0.7175225825,0.6154404859,0.7103520242,0.5118391897,0.4744088315,4,3,77,77,0.04938271605,0.950617284,0.045,0.6452094188,0.1088940803,0.4441352582,0.442319569,0.4810385147,0.3845595141,0.4881608103,0.5255911685,0.2460741606,0.2680324552,1.725056327,1.270267747,1.221666667,1.709166667
8612613,CSA Steaua Bucureşti vs ACS Gloria Bistrita,Romania Liga II,X2,READY,SMALL SAMPLE,PRIOR / SHRINKAGE,DA,0.5558647418,0.557680431,-0.181568925,0.5189614853,0.6278555656,0.557680431,0.7264761453,0.7583685863,4,3,77,77,0.04938271605,0.950617284,0.045,0.5108647418,0.1088940803,0.4441352582,0.442319569,0.4810385147,0.3845595141,0.4881608103,0.5255911685,0.2460741606,0.2680324552,1.725056327,1.270267747,1.221666667,1.709166667
8612613,CSA Steaua Bucureşti vs ACS Gloria Bistrita,Romania Liga II,12,READY,SMALL SAMPLE,PRIOR / SHRINKAGE,DA,0.7539258394,0.7319675448,2.195829467,0.7635159322,0.7567039485,0.7319675448,0.761684665,0.7672225822,4,3,77,77,0.04938271605,0.950617284,0.045,0.7089258394,0.1088940803,0.4441352582,0.442319569,0.4810385147,0.3845595141,0.4881608103,0.5255911685,0.2460741606,0.2680324552,1.725056327,1.270267747,1.221666667,1.709166667
8612623,Concordia Chiajna vs Metalul Buzău,Romania Liga II,1X,READY,SMALL SAMPLE,PRIOR / SHRINKAGE,DA,0.6955564414,0.7214235113,-2.58670699,0.719465116,0.6218720222,0.7214235113,0.5515808728,0.6281865737,3,4,77,77,0.0375,0.9625,0.045,0.6505564414,0.1036603238,0.4525430139,0.4667250073,0.4823691241,0.3787088003,0.4484191272,0.3851669724,0.2430134274,0.254698504,1.719052469,1.257916667,1.155833333,1.488333333
8612623,Concordia Chiajna vs Metalul Buzău,Romania Liga II,X2,READY,SMALL SAMPLE,PRIOR / SHRINKAGE,DA,0.5474569861,0.5332749927,1.418199335,0.5176308759,0.6212911997,0.5332749927,0.7055169301,0.6148330276,3,4,77,77,0.0375,0.9625,0.045,0.5024569861,0.1036603238,0.4525430139,0.4667250073,0.4823691241,0.3787088003,0.4484191272,0.3851669724,0.2430134274,0.254698504,1.719052469,1.257916667,1.155833333,1.488333333
8612623,Concordia Chiajna vs Metalul Buzău,Romania Liga II,12,READY,SMALL SAMPLE,PRIOR / SHRINKAGE,DA,0.7569865726,0.745301496,1.168507655,0.7629040081,0.7568367781,0.745301496,0.7429021971,0.7569803988,3,4,77,77,0.0375,0.9625,0.045,0.7119865726,0.1036603238,0.4525430139,0.4667250073,0.4823691241,0.3787088003,0.4484191272,0.3851669724,0.2430134274,0.254698504,1.719052469,1.257916667,1.155833333,1.488333333
8553047,Avispa Fukuoka vs Sanfrecce Hiroshima,Japan J1 League,1X,READY,SMALL SAMPLE,PRIOR / SHRINKAGE,DA,0.6150482036,0.4684777794,14.65704242,0.6883246247,0.6150657857,0.4684777794,0.5388073076,0.4530956279,4,3,70,70,0.05405405405,0.9459459459,0.045,0.5700482036,0.07602460756,0.3849517964,0.5315222206,0.4452492999,0.3849342143,0.4611926924,0.5469043721,0.2446397488,0.2465672523,1.617566179,1.31581729,1.330833333,1.6975
8553047,Avispa Fukuoka vs Sanfrecce Hiroshima,Japan J1 League,X2,READY,SMALL SAMPLE,PRIOR / SHRINKAGE,DA,0.6295915452,0.7780894729,-14.84979277,0.5547507001,0.6307753077,0.7780894729,0.6985660603,0.7684172942,4,3,70,70,0.05405405405,0.9459459459,0.045,0.5845915452,0.07602460756,0.3849517964,0.5315222206,0.4452492999,0.3849342143,0.4611926924,0.5469043721,0.2446397488,0.2465672523,1.617566179,1.31581729,1.330833333,1.6975
8553047,Avispa Fukuoka vs Sanfrecce Hiroshima,Japan J1 League,12,READY,SMALL SAMPLE,PRIOR / SHRINKAGE,DA,0.7553602512,0.7534327477,0.1927503503,0.7569246752,0.7541589066,0.7534327477,0.7626266322,0.7784870778,4,3,70,70,0.05405405405,0.9459459459,0.045,0.7103602512,0.07602460756,0.3849517964,0.5315222206,0.4452492999,0.3849342143,0.4611926924,0.5469043721,0.2446397488,0.2465672523,1.617566179,1.31581729,1.330833333,1.6975
8553172,Kawasaki Frontale vs Kashima Antlers,Japan J1 League,1X,READY,SMALL SAMPLE,PRIOR / SHRINKAGE,DA,0.6517628669,0.6038602509,4.790261597,0.6900182951,0.6231546263,0.6038602509,0.6334649787,0.6239382883,3,4,70,70,0.04109589041,0.9589041096,0.045,0.6067628669,0.07147315095,0.4101325611,0.3961397491,0.4493132464,0.3778400954,0.425903028,0.3957813748,0.2416303058,0.2397965948,1.647558775,1.330562755,2.0575,1.904166667
8553172,Kawasaki Frontale vs Kashima Antlers,Japan J1 League,X2,READY,SMALL SAMPLE,PRIOR / SHRINKAGE,DA,0.5898674389,0.6359363439,-4.6068905,0.5506867536,0.6221599046,0.6359363439,0.574096972,0.6042186252,3,4,70,70,0.04109589041,0.9589041096,0.045,0.5448674389,0.07147315095,0.4101325611,0.3961397491,0.4493132464,0.3778400954,0.425903028,0.3957813748,0.2416303058,0.2397965948,1.647558775,1.330562755,2.0575,1.904166667
8553172,Kawasaki Frontale vs Kashima Antlers,Japan J1 League,12,READY,SMALL SAMPLE,PRIOR / SHRINKAGE,DA,0.7583696942,0.7602034052,-0.1833710976,0.7592949513,0.7546854691,0.7602034052,0.7924380493,0.7718430865,3,4,70,70,0.04109589041,0.9589041096,0.045,0.7133696942,0.07147315095,0.4101325611,0.3961397491,0.4493132464,0.3778400954,0.425903028,0.3957813748,0.2416303058,0.2397965948,1.647558775,1.330562755,2.0575,1.904166667
8553053,Urawa Reds vs Tokyo Verdy,Japan J1 League,1X,READY,SMALL SAMPLE,PRIOR / SHRINKAGE,DA,0.7009753548,0.7976878613,-9.671250645,0.6904825347,0.6252484886,0.7976878613,0.6042771911,0.6664144594,3,2,70,70,0.04109589041,0.9589041096,0.045,0.6559753548,0.06790074253,0.4512176629,0.5317919075,0.4469931622,0.3790924196,0.3957228089,0.423933109,0.2497576919,0.2658959538,1.615469463,1.305430936,1.136666667,1.274166667
8553053,Urawa Reds vs Tokyo Verdy,Japan J1 League,X2,READY,SMALL SAMPLE,PRIOR / SHRINKAGE,DA,0.5487823371,0.4682080925,8.057424464,0.5530068378,0.6209075804,0.4682080925,0.670793937,0.576066891,3,2,70,70,0.04109589041,0.9589041096,0.045,0.5037823371,0.06790074253,0.4512176629,0.5317919075,0.4469931622,0.3790924196,0.3957228089,0.423933109,0.2497576919,0.2658959538,1.615469463,1.305430936,1.136666667,1.274166667
8553053,Urawa Reds vs Tokyo Verdy,Japan J1 League,12,READY,SMALL SAMPLE,PRIOR / SHRINKAGE,DA,0.7502423081,0.7341040462,1.613826181,0.7565106275,0.753843931,0.7341040462,0.7249288719,0.7575186495,3,2,70,70,0.04109589041,0.9589041096,0.045,0.7052423081,0.06790074253,0.4512176629,0.5317919075,0.4469931622,0.3790924196,0.3957228089,0.423933109,0.2497576919,0.2658959538,1.615469463,1.305430936,1.136666667,1.274166667
8553168,V-Varen Nagasaki vs Cerezo Osaka,Japan J1 League,1X,READY,SMALL SAMPLE,PRIOR / SHRINKAGE,DA,0.6360790862,0.5235394214,11.25396647,0.6990447369,0.6226874494,0.5235394214,0.8020418406,0.6135491822,4,3,70,70,0.05405405405,0.9459459459,0.045,0.5910790862,0.08125684598,0.3891629983,0.4764605786,0.457484077,0.3773125506,0.5930584914,0.3864508178,0.2469160879,0.2580828134,1.647825342,1.293321918,2.060833333,1.108333333
8553168,V-Varen Nagasaki vs Cerezo Osaka,Japan J1 League,X2,READY,SMALL SAMPLE,PRIOR / SHRINKAGE,DA,0.6108370017,0.7345433919,-12.37063902,0.542515923,0.623772769,0.7345433919,0.4069415086,0.6366098132,4,3,70,70,0.05405405405,0.9459459459,0.045,0.5658370017,0.08125684598,0.3891629983,0.4764605786,0.457484077,0.3773125506,0.5930584914,0.3864508178,0.2469160879,0.2580828134,1.647825342,1.293321918,2.060833333,1.108333333
8553168,V-Varen Nagasaki vs Cerezo Osaka,Japan J1 League,12,READY,SMALL SAMPLE,PRIOR / SHRINKAGE,DA,0.7530839121,0.7419171866,1.11667255,0.7584393401,0.7535397817,0.7419171866,0.7910166508,0.7498410046,4,3,70,70,0.05405405405,0.9459459459,0.045,0.7080839121,0.08125684598,0.3891629983,0.4764605786,0.457484077,0.3773125506,0.5930584914,0.3864508178,0.2469160879,0.2580828134,1.647825342,1.293321918,2.060833333,1.108333333
8553366,Shimizu S-Pulse vs JEF United,Japan J1 League,1X,READY,SMALL SAMPLE,PRIOR / SHRINKAGE,DA,0.69426589,0.7546861053,-6.042021535,0.6977735293,0.626830396,0.7546861053,0.7581057969,0.7012533197,4,4,70,70,0.05405405405,0.9459459459,0.045,0.64926589,0.07453467652,0.4424395203,0.4805117525,0.4545936684,0.3800589919,0.5059695938,0.447609194,0.2518263697,0.2741743529,1.627635135,1.284189189,1.5775,1.0075
8553366,Shimizu S-Pulse vs JEF United,Japan J1 League,X2,READY,SMALL SAMPLE,PRIOR / SHRINKAGE,DA,0.5575604797,0.5194882475,3.807223214,0.5454063316,0.6199410081,0.5194882475,0.4940304062,0.552390806,4,4,70,70,0.05405405405,0.9459459459,0.045,0.5125604797,0.07453467652,0.4424395203,0.4805117525,0.4545936684,0.3800589919,0.5059695938,0.447609194,0.2518263697,0.2741743529,1.627635135,1.284189189,1.5775,1.0075
8553366,Shimizu S-Pulse vs JEF United,Japan J1 League,12,READY,SMALL SAMPLE,PRIOR / SHRINKAGE,DA,0.7481736303,0.7258256471,2.234798321,0.7568201391,0.753228596,0.7258256471,0.7478637969,0.7463558743,4,4,70,70,0.05405405405,0.9459459459,0.045,0.7031736303,0.07453467652,0.4424395203,0.4805117525,0.4545936684,0.3800589919,0.5059695938,0.447609194,0.2518263697,0.2741743529,1.627635135,1.284189189,1.5775,1.0075
8612588,Popești-Leordeni vs ASU Poli Timişoara,Romania Liga II,1X,READY,SMALL SAMPLE,PRIOR / SHRINKAGE,DA,0.6476130254,0.5288881424,11.8724883,0.7211974674,0.6191690243,0.5288881424,0.6141857611,0.5655586542,3,3,77,77,0.0375,0.9625,0.045,0.6026130254,0.1103943637,0.4023889556,0.4711118576,0.4864843471,0.3808309757,0.396221187,0.4344413458,0.2452240698,0.2683909976,1.7491875,1.27134375,1.833333333,1.8075
8612588,Popești-Leordeni vs ASU Poli Timişoara,Romania Liga II,X2,READY,SMALL SAMPLE,PRIOR / SHRINKAGE,DA,0.5976110444,0.7395028552,-14.18918108,0.5135156529,0.6239100167,0.7395028552,0.603778813,0.6736881394,3,3,77,77,0.0375,0.9625,0.045,0.5526110444,0.1103943637,0.4023889556,0.4711118576,0.4864843471,0.3808309757,0.396221187,0.4344413458,0.2452240698,0.2683909976,1.7491875,1.27134375,1.833333333,1.8075
8612588,Popești-Leordeni vs ASU Poli Timişoara,Romania Liga II,12,READY,SMALL SAMPLE,PRIOR / SHRINKAGE,DA,0.7547759302,0.7316090024,2.316692782,0.7652868797,0.756920959,0.7316090024,0.7820354259,0.7607532064,3,3,77,77,0.0375,0.9625,0.045,0.7097759302,0.1103943637,0.4023889556,0.4711118576,0.4864843471,0.3808309757,0.396221187,0.4344413458,0.2452240698,0.2683909976,1.7491875,1.27134375,1.833333333,1.8075
8553086,Fagiano Okayama vs Kyoto Sanga,Japan J1 League,1X,READY,SMALL SAMPLE,PRIOR / SHRINKAGE,DA,0.6951897923,0.75606789,-6.087809772,0.697958184,0.6287749111,0.75606789,0.7684396311,0.735672084,3,4,70,70,0.04109589041,0.9589041096,0.045,0.6501897923,0.07270474859,0.4471661523,0.4956909187,0.4552261463,0.3825213978,0.524422921,0.4989010431,0.24802364,0.2603769713,1.633006757,1.28725472,1.660833333,1.016666667
8553086,Fagiano Okayama vs Kyoto Sanga,Japan J1 League,X2,READY,SMALL SAMPLE,PRIOR / SHRINKAGE,DA,0.5528338477,0.5043090813,4.85247664,0.5447738537,0.6174786022,0.5043090813,0.475577079,0.5010989569,3,4,70,70,0.04109589041,0.9589041096,0.045,0.5078338477,0.07270474859,0.4471661523,0.4956909187,0.4552261463,0.3825213978,0.524422921,0.4989010431,0.24802364,0.2603769713,1.633006757,1.28725472,1.660833333,1.016666667
8553086,Fagiano Okayama vs Kyoto Sanga,Japan J1 League,12,READY,SMALL SAMPLE,PRIOR / SHRINKAGE,DA,0.75197636,0.7396230287,1.235333132,0.7572679623,0.7537464867,0.7396230287,0.7559832899,0.7632289592,3,4,70,70,0.04109589041,0.9589041096,0.045,0.70697636,0.07270474859,0.4471661523,0.4956909187,0.4552261463,0.3825213978,0.524422921,0.4989010431,0.24802364,0.2603769713,1.633006757,1.28725472,1.660833333,1.016666667
8553173,Tokyo vs Nagoya Grampus,Japan J1 League,1X,READY,SMALL SAMPLE,PRIOR / SHRINKAGE,DA,0.6973902944,0.76296414,-6.557384567,0.6987383022,0.6291204331,0.76296414,0.7913692657,0.7412997087,3,3,70,70,0.04109589041,0.9589041096,0.045,0.6523902944,0.07375934099,0.4532212056,0.5164468457,0.4567324392,0.3829730982,0.5706478531,0.5078274982,0.2441690888,0.2465172943,1.642294521,1.290650685,1.9175,1.0725
8553173,Tokyo vs Nagoya Grampus,Japan J1 League,X2,READY,SMALL SAMPLE,PRIOR / SHRINKAGE,DA,0.5467787944,0.4835531543,6.32256401,0.5432675608,0.6170269018,0.4835531543,0.4293521469,0.4921725018,3,3,70,70,0.04109589041,0.9589041096,0.045,0.5017787944,0.07375934099,0.4532212056,0.5164468457,0.4567324392,0.3829730982,0.5706478531,0.5078274982,0.2441690888,0.2465172943,1.642294521,1.290650685,1.9175,1.0725
8553173,Tokyo vs Nagoya Grampus,Japan J1 League,12,READY,SMALL SAMPLE,PRIOR / SHRINKAGE,DA,0.7558309112,0.7534827057,0.2348205569,0.757994137,0.7538526652,0.7534827057,0.7792785874,0.7665277895,3,3,70,70,0.04109589041,0.9589041096,0.045,0.7108309112,0.07375934099,0.4532212056,0.5164468457,0.4567324392,0.3829730982,0.5706478531,0.5078274982,0.2441690888,0.2465172943,1.642294521,1.290650685,1.9175,1.0725
8553048,Yokohama F. Marinos vs Mito Hollyhock,Japan J1 League,1X,READY,SMALL SAMPLE,PRIOR / SHRINKAGE,DA,0.6774157036,0.7046957311,-2.728002745,0.6905717265,0.6238236303,0.7046957311,0.5975271597,0.637581127,3,3,70,70,0.04109589041,0.9589041096,0.045,0.6324157036,0.07026558328,0.4296878339,0.445880208,0.447712237,0.3774466537,0.4024728403,0.3892644512,0.2477278697,0.2588155231,1.622876712,1.310410959,1.445,1.553333333
8553048,Yokohama F. Marinos vs Mito Hollyhock,Japan J1 League,X2,READY,SMALL SAMPLE,PRIOR / SHRINKAGE,DA,0.5703121661,0.554119792,1.61923741,0.552287763,0.6225533463,0.554119792,0.6451651316,0.6107355488,3,3,70,70,0.04109589041,0.9589041096,0.045,0.5253121661,0.07026558328,0.4296878339,0.445880208,0.447712237,0.3774466537,0.4024728403,0.3892644512,0.2477278697,0.2588155231,1.622876712,1.310410959,1.445,1.553333333
8553048,Yokohama F. Marinos vs Mito Hollyhock,Japan J1 League,12,READY,SMALL SAMPLE,PRIOR / SHRINKAGE,DA,0.7522721303,0.7411844769,1.108765336,0.7571405104,0.7536230234,0.7411844769,0.7573077087,0.7516833242,3,3,70,70,0.04109589041,0.9589041096,0.045,0.7072721303,0.07026558328,0.4296878339,0.445880208,0.447712237,0.3774466537,0.4024728403,0.3892644512,0.2477278697,0.2588155231,1.622876712,1.310410959,1.445,1.553333333
8546412,Dunav 2010 vs Botev Vratsa,Bulgaria First League,1X,READY,SMALL SAMPLE,PRIOR / SHRINKAGE,DA,0.6671548353,0.6436781609,2.347667442,0.6983495652,0.6282420499,0.6436781609,0.6366830066,0.6039794402,4,5,63,63,0.05970149254,0.9402985075,0.045,0.6221548353,0.07440414612,0.4027353219,0.3563218391,0.4430078649,0.3717579501,0.3900232691,0.3960205598,0.2644195134,0.2873563218,1.497264596,1.189981892,1.49,1.43
8546412,Dunav 2010 vs Botev Vratsa,Bulgaria First League,X2,READY,SMALL SAMPLE,PRIOR / SHRINKAGE,DA,0.5972646781,0.6436781609,-4.641348285,0.5569921351,0.6313962812,0.6436781609,0.6099767309,0.6506277814,4,5,63,63,0.05970149254,0.9402985075,0.045,0.5522646781,0.07440414612,0.4027353219,0.3563218391,0.4430078649,0.3717579501,0.3900232691,0.3960205598,0.2644195134,0.2873563218,1.497264596,1.189981892,1.49,1.43
8546412,Dunav 2010 vs Botev Vratsa,Bulgaria First League,12,READY,SMALL SAMPLE,PRIOR / SHRINKAGE,DA,0.7355804866,0.7126436782,2.293680843,0.7446582997,0.7403616689,0.7126436782,0.7533402625,0.7453927785,4,5,63,63,0.05970149254,0.9402985075,0.045,0.6905804866,0.07440414612,0.4027353219,0.3563218391,0.4430078649,0.3717579501,0.3900232691,0.3960205598,0.2644195134,0.2873563218,1.497264596,1.189981892,1.49,1.43
8572750,Kaiserslautern vs Eintracht Braunschweig,Germany 2. Bundesliga,1X,READY,SMALL SAMPLE,PRIOR / SHRINKAGE,DA,0.6511055087,0.7316618317,-8.055632302,0.6312119178,0.6103363676,0.7316618317,0.5633285702,0.5846411866,2,2,45,45,0.04255319149,0.9574468085,0.045,0.6061055087,0.02133702681,0.4203676947,0.4786572731,0.4080501775,0.3896636324,0.4366714298,0.4153588134,0.2307378141,0.2530045586,1.789255319,1.693723404,1.6475,1.8775
8572750,Kaiserslautern vs Eintracht Braunschweig,Germany 2. Bundesliga,X2,READY,SMALL SAMPLE,PRIOR / SHRINKAGE,DA,0.5796323053,0.5213427269,5.828957844,0.5919498225,0.6132868494,0.5213427269,0.6571946805,0.6412278258,2,2,45,45,0.04255319149,0.9574468085,0.045,0.5346323053,0.02133702681,0.4203676947,0.4786572731,0.4080501775,0.3896636324,0.4366714298,0.4153588134,0.2307378141,0.2530045586,1.789255319,1.693723404,1.6475,1.8775
8572750,Kaiserslautern vs Eintracht Braunschweig,Germany 2. Bundesliga,12,READY,SMALL SAMPLE,PRIOR / SHRINKAGE,DA,0.7692621859,0.7469954414,2.226674457,0.7768382597,0.776376783,0.7469954414,0.7794767493,0.7741309876,2,2,45,45,0.04255319149,0.9574468085,0.045,0.7242621859,0.02133702681,0.4203676947,0.4786572731,0.4080501775,0.3896636324,0.4366714298,0.4153588134,0.2307378141,0.2530045586,1.789255319,1.693723404,1.6475,1.8775
8572816,Holstein Kiel vs Osnabrück,Germany 2. Bundesliga,1X,READY,SMALL SAMPLE,PRIOR / SHRINKAGE,DA,0.6570321869,0.7480559876,-9.102380068,0.6334695513,0.6131336574,0.7480559876,0.6180110771,0.6384367538,2,2,45,45,0.04255319149,0.9574468085,0.045,0.6120321869,0.02121411322,0.432177305,0.5178849145,0.4106794729,0.3894653597,0.4029096626,0.4115675446,0.2248548819,0.2301710731,1.799574468,1.692021277,1.89,1.8375
8572816,Holstein Kiel vs Osnabrück,Germany 2. Bundesliga,X2,READY,SMALL SAMPLE,PRIOR / SHRINKAGE,DA,0.567822695,0.4821150855,8.57076095,0.5893205271,0.6105346403,0.4821150855,0.5970903374,0.5884324554,2,2,45,45,0.04255319149,0.9574468085,0.045,0.522822695,0.02121411322,0.432177305,0.5178849145,0.4106794729,0.3894653597,0.4029096626,0.4115675446,0.2248548819,0.2301710731,1.799574468,1.692021277,1.89,1.8375
8572816,Holstein Kiel vs Osnabrück,Germany 2. Bundesliga,12,READY,SMALL SAMPLE,PRIOR / SHRINKAGE,DA,0.7751451181,0.7698289269,0.5316191185,0.7772099216,0.7763317022,0.7698289269,0.7848985855,0.7731307907,2,2,45,45,0.04255319149,0.9574468085,0.045,0.7301451181,0.02121411322,0.432177305,0.5178849145,0.4106794729,0.3894653597,0.4029096626,0.4115675446,0.2248548819,0.2301710731,1.799574468,1.692021277,1.89,1.8375
8572872,Karlsruher SC vs Nürnberg,Germany 2. Bundesliga,1X,CRITICAL MISSING,SMALL SAMPLE,PRIOR / SHRINKAGE,DA,,,,0.6233455186,0.6031124177,,0.4449841157,0.4476991499,3,2,45,45,0.0625,0.9375,0.045,,0.02143820206,,,0.4014666267,0.3968875823,0.5550158843,0.5523008501,,,1.792071144,1.731390736,1.733333333,2.5425
8572872,Karlsruher SC vs Nürnberg,Germany 2. Bundesliga,X2,CRITICAL MISSING,SMALL SAMPLE,PRIOR / SHRINKAGE,DA,,,,0.5985333733,0.6199715753,,0.7416404151,0.7545731998,3,2,45,45,0.0625,0.9375,0.045,,0.02143820206,,,0.4014666267,0.3968875823,0.5550158843,0.5523008501,,,1.792071144,1.731390736,1.733333333,2.5425
8572872,Karlsruher SC vs Nürnberg,Germany 2. Bundesliga,12,CRITICAL MISSING,SMALL SAMPLE,PRIOR / SHRINKAGE,DA,,,,0.7781211081,0.776916007,,0.8133754692,0.7977276504,3,2,45,45,0.0625,0.9375,0.045,,0.02143820206,,,0.4014666267,0.3968875823,0.5550158843,0.5523008501,,,1.792071144,1.731390736,1.733333333,2.5425
8558097,Tottenham Hotspur vs Aston Villa,England Premier League,1X,READY,SMALL SAMPLE,PRIOR / SHRINKAGE,DA,0.6609803296,0.7082112351,-4.723090556,0.6536840189,0.6283420452,0.7082112351,0.7888514744,0.70117771,2,2,40,40,0.04761904762,0.9523809524,0.045,0.6159803296,0.02575710997,0.410120837,0.4593802606,0.4022867324,0.3765296224,0.5109826582,0.4124184648,0.2508594926,0.2488309745,1.470238095,1.346428571,1.375,0.775
8558097,Tottenham Hotspur vs Aston Villa,England Premier League,X2,READY,SMALL SAMPLE,PRIOR / SHRINKAGE,DA,0.589879163,0.5406197394,4.925942366,0.5977132676,0.6234703776,0.5406197394,0.4890173418,0.5875815352,2,2,40,40,0.04761904762,0.9523809524,0.045,0.544879163,0.02575710997,0.410120837,0.4593802606,0.4022867324,0.3765296224,0.5109826582,0.4124184648,0.2508594926,0.2488309745,1.470238095,1.346428571,1.375,0.775
8558097,Tottenham Hotspur vs Aston Villa,England Premier League,12,READY,SMALL SAMPLE,PRIOR / SHRINKAGE,DA,0.7491405074,0.7511690255,-0.2028518099,0.7486027135,0.7481875772,0.7511690255,0.7221311839,0.7112407548,2,2,40,40,0.04761904762,0.9523809524,0.045,0.7041405074,0.02575710997,0.410120837,0.4593802606,0.4022867324,0.3765296224,0.5109826582,0.4124184648,0.2508594926,0.2488309745,1.470238095,1.346428571,1.375,0.775
8566424,Stoke City vs Sheffield United,England Championship,1X,READY,SMALL SAMPLE,PRIOR / SHRINKAGE,DA,0.6786893172,0.6670602125,1.162910471,0.7104429655,0.6268111253,0.6670602125,0.7263609951,0.6605324215,3,3,83,83,0.03488372093,0.9651162791,0.045,0.6336893172,0.08861971716,0.4237340974,0.3896103896,0.4646485724,0.3760288552,0.4706021746,0.4097677824,0.2549552198,0.2774498229,1.611371124,1.220954457,1.5225,1.0975
8566424,Stoke City vs Sheffield United,England Championship,X2,READY,SMALL SAMPLE,PRIOR / SHRINKAGE,DA,0.5762659026,0.6103896104,-3.412370781,0.5353514276,0.6239711448,0.6103896104,0.5293978254,0.5902322176,3,3,83,83,0.03488372093,0.9651162791,0.045,0.5312659026,0.08861971716,0.4237340974,0.3896103896,0.4646485724,0.3760288552,0.4706021746,0.4097677824,0.2549552198,0.2774498229,1.611371124,1.220954457,1.5225,1.0975
8566424,Stoke City vs Sheffield United,England Championship,12,READY,SMALL SAMPLE,PRIOR / SHRINKAGE,DA,0.7450447802,0.7225501771,2.24946031,0.7542056069,0.74921773,0.7225501771,0.7442411795,0.7492353609,3,3,83,83,0.03488372093,0.9651162791,0.045,0.7000447802,0.08861971716,0.4237340974,0.3896103896,0.4646485724,0.3760288552,0.4706021746,0.4097677824,0.2549552198,0.2774498229,1.611371124,1.220954457,1.5225,1.0975
8566662,Millwall vs West Ham United,England Championship,1X,READY,SMALL SAMPLE,PRIOR / SHRINKAGE,DA,0.6290676541,0.476861167,15.22064871,0.7095382879,0.6203328738,0.476861167,0.7004162278,0.5099533614,3,3,83,83,0.03488372093,0.9651162791,0.045,0.5840676541,0.09367276838,0.3838446804,0.523138833,0.4645463384,0.3796671262,0.4672727221,0.4900466386,0.2452229738,0.2414486922,1.61939438,1.230198643,1.7525,1.3625
8566662,Millwall vs West Ham United,England Championship,X2,READY,SMALL SAMPLE,PRIOR / SHRINKAGE,DA,0.6161553196,0.7645875252,-14.84322055,0.5354536616,0.62912643,0.7645875252,0.5327272779,0.7077875298,3,3,83,83,0.03488372093,0.9651162791,0.045,0.5711553196,0.09367276838,0.3838446804,0.523138833,0.4645463384,0.3796671262,0.4672727221,0.4900466386,0.2452229738,0.2414486922,1.61939438,1.230198643,1.7525,1.3625
8566662,Millwall vs West Ham United,England Championship,12,READY,SMALL SAMPLE,PRIOR / SHRINKAGE,DA,0.7547770262,0.7585513078,-0.3774281604,0.7550080505,0.7505406962,0.7585513078,0.7668564943,0.7822591088,3,3,83,83,0.03488372093,0.9651162791,0.045,0.7097770262,0.09367276838,0.3838446804,0.523138833,0.4645463384,0.3796671262,0.4672727221,0.4900466386,0.2452229738,0.2414486922,1.61939438,1.230198643,1.7525,1.3625
8566668,Cardiff City vs Charlton Athletic,England Championship,1X,READY,SMALL SAMPLE,PRIOR / SHRINKAGE,DA,0.7069829111,0.7752808989,-6.82979878,0.7125965063,0.6274577328,0.7752808989,0.7806002279,0.677245392,3,3,83,83,0.03488372093,0.9651162791,0.045,0.6619829111,0.09157012274,0.4629201692,0.5393258427,0.4679749856,0.3764048628,0.5619720674,0.4202427522,0.2440627419,0.2359550562,1.626400194,1.222553295,1.953333333,1.143333333
8566668,Cardiff City vs Charlton Athletic,England Championship,X2,READY,SMALL SAMPLE,PRIOR / SHRINKAGE,DA,0.5370798308,0.4606741573,7.640567353,0.5320250144,0.6235951372,0.4606741573,0.4380279326,0.5797572478,3,3,83,83,0.03488372093,0.9651162791,0.045,0.4920798308,0.09157012274,0.4629201692,0.5393258427,0.4679749856,0.3764048628,0.5619720674,0.4202427522,0.2440627419,0.2359550562,1.626400194,1.222553295,1.953333333,1.143333333
8566668,Cardiff City vs Charlton Athletic,England Championship,12,READY,SMALL SAMPLE,PRIOR / SHRINKAGE,DA,0.7559372581,0.7640449438,-0.8107685728,0.7553784793,0.74894713,0.7640449438,0.7813718395,0.7429973602,3,3,83,83,0.03488372093,0.9651162791,0.045,0.7109372581,0.09157012274,0.4629201692,0.5393258427,0.4679749856,0.3764048628,0.5619720674,0.4202427522,0.2440627419,0.2359550562,1.626400194,1.222553295,1.953333333,1.143333333
8551234,Guingamp vs Red Star,France Ligue 2,1X,READY,SMALL SAMPLE,PRIOR / SHRINKAGE,DA,0.6706690073,0.6957446809,-2.507567352,0.6755173696,0.6358966092,0.6957446809,0.6452006346,0.6277998562,3,3,54,54,0.05263157895,0.9473684211,0.045,0.6256690073,0.04103863819,0.3972257147,0.414893617,0.4050159599,0.3641033908,0.3912271286,0.3722001438,0.2734432927,0.2808510638,1.321403509,1.152982456,1.426666667,1.346666667
8551234,Guingamp vs Red Star,France Ligue 2,X2,READY,SMALL SAMPLE,PRIOR / SHRINKAGE,DA,0.6027742853,0.585106383,1.766790237,0.5949840401,0.6360226783,0.585106383,0.6087728714,0.630102375,3,3,54,54,0.05263157895,0.9473684211,0.045,0.5577742853,0.04103863819,0.3972257147,0.414893617,0.4050159599,0.3641033908,0.3912271286,0.3722001438,0.2734432927,0.2808510638,1.321403509,1.152982456,1.426666667,1.346666667
8551234,Guingamp vs Red Star,France Ligue 2,12,READY,SMALL SAMPLE,PRIOR / SHRINKAGE,DA,0.7265567073,0.7191489362,0.7407771151,0.7294985903,0.7280807125,0.7191489362,0.7460264941,0.7420977688,3,3,54,54,0.05263157895,0.9473684211,0.045,0.6815567073,0.04103863819,0.3972257147,0.414893617,0.4050159599,0.3641033908,0.3912271286,0.3722001438,0.2734432927,0.2808510638,1.321403509,1.152982456,1.426666667,1.346666667
8551322,Boulogne vs Nantes,France Ligue 2,1X,READY,SMALL SAMPLE,PRIOR / SHRINKAGE,DA,0.6388660625,0.5637111616,7.515490085,0.6766330033,0.6384870817,0.5637111616,0.6644904376,0.6771638845,3,3,54,54,0.05263157895,0.9473684211,0.045,0.5938660625,0.04005742876,0.3626993837,0.4362888384,0.4052191295,0.3651617008,0.3947113801,0.394055099,0.2761666788,0.2885135867,1.315219298,1.144473684,1.309166667,1.185
8551322,Boulogne vs Nantes,France Ligue 2,X2,READY,SMALL SAMPLE,PRIOR / SHRINKAGE,DA,0.6373006163,0.724802425,-8.750180873,0.5947808705,0.6348382992,0.724802425,0.6052886199,0.605944901,3,3,54,54,0.05263157895,0.9473684211,0.045,0.5923006163,0.04005742876,0.3626993837,0.4362888384,0.4052191295,0.3651617008,0.3947113801,0.394055099,0.2761666788,0.2885135867,1.315219298,1.144473684,1.309166667,1.185
8551322,Boulogne vs Nantes,France Ligue 2,12,READY,SMALL SAMPLE,PRIOR / SHRINKAGE,DA,0.7238333212,0.7114864133,1.234690788,0.7285861263,0.726674619,0.7114864133,0.7302209425,0.7168912145,3,3,54,54,0.05263157895,0.9473684211,0.045,0.6788333212,0.04005742876,0.3626993837,0.4362888384,0.4052191295,0.3651617008,0.3947113801,0.394055099,0.2761666788,0.2885135867,1.315219298,1.144473684,1.309166667,1.185
8570366,CA Osasuna vs Rayo Vallecano,Spain La Liga,1X,READY,SMALL SAMPLE,PRIOR / SHRINKAGE,DA,0.681528956,0.6776706231,0.3858332868,0.7138724985,0.620700204,0.6776706231,0.7844042273,0.6147462999,3,3,57,57,0.05,0.95,0.045,0.636528956,0.09895665838,0.4324192296,0.3944114738,0.4780740343,0.379299796,0.5630416226,0.3852537001,0.2491097264,0.2832591494,1.7307,1.28965,1.915,1.1025
8570366,CA Osasuna vs Rayo Vallecano,Spain La Liga,X2,READY,SMALL SAMPLE,PRIOR / SHRINKAGE,DA,0.5675807704,0.6055885262,-3.800775579,0.5219259657,0.6208826241,0.6055885262,0.4369583774,0.6182917011,3,3,57,57,0.05,0.95,0.045,0.5225807704,0.09895665838,0.4324192296,0.3944114738,0.4780740343,0.379299796,0.5630416226,0.3852537001,0.2491097264,0.2832591494,1.7307,1.28965,1.915,1.1025
8570366,CA Osasuna vs Rayo Vallecano,Spain La Liga,12,READY,SMALL SAMPLE,PRIOR / SHRINKAGE,DA,0.7508902736,0.7167408506,3.414942292,0.7642015358,0.758417172,0.7167408506,0.7786373953,0.766961999,3,3,57,57,0.05,0.95,0.045,0.7058902736,0.09895665838,0.4324192296,0.3944114738,0.4780740343,0.379299796,0.5630416226,0.3852537001,0.2491097264,0.2832591494,1.7307,1.28965,1.915,1.1025
8577334,Alashkert vs Pyunik,Armenia Armenian Premier League,1X,READY,SMALL SAMPLE,PRIOR / SHRINKAGE,DA,0.6690906163,0.6519625062,1.712811005,0.6979984856,0.6284029878,0.6519625062,0.758682449,0.6611007398,4,4,42,42,0.08695652174,0.9130434783,0.045,0.6240906163,0.07460939461,0.4088203735,0.3549705116,0.4516401256,0.377030731,0.5332634802,0.4096680605,0.2602702428,0.2969919947,1.591956522,1.257934783,1.875,1.1925
8577334,Alashkert vs Pyunik,Armenia Armenian Premier League,X2,READY,SMALL SAMPLE,PRIOR / SHRINKAGE,DA,0.5911796265,0.6450294884,-5.384986189,0.5483598744,0.622969269,0.6450294884,0.4667365198,0.5903319395,4,4,42,42,0.08695652174,0.9130434783,0.045,0.5461796265,0.07460939461,0.4088203735,0.3549705116,0.4516401256,0.377030731,0.5332634802,0.4096680605,0.2602702428,0.2969919947,1.591956522,1.257934783,1.875,1.1925
8577334,Alashkert vs Pyunik,Armenia Armenian Premier League,12,READY,SMALL SAMPLE,PRIOR / SHRINKAGE,DA,0.7397297572,0.7030080053,3.672175185,0.7536416401,0.7486277432,0.7030080053,0.7745810313,0.7485673207,4,4,42,42,0.08695652174,0.9130434783,0.045,0.6947297572,0.07460939461,0.4088203735,0.3549705116,0.4516401256,0.377030731,0.5332634802,0.4096680605,0.2602702428,0.2969919947,1.591956522,1.257934783,1.875,1.1925
8584563,Real Sociedad II vs RCD Mallorca,Spain Segunda División,1X,READY,SMALL SAMPLE,PRIOR / SHRINKAGE,DA,0.619889401,0.5128250626,10.70643384,0.6653884498,0.6359556417,0.5128250626,0.6531251974,0.5589990214,2,2,55,55,0.0350877193,0.9649122807,0.045,0.574889401,0.02943280814,0.380110599,0.4871749374,0.3855430274,0.3640443583,0.3468748026,0.4410009786,0.2739534956,0.2575067526,1.225350877,1.121315789,0.86,0.9075
8584563,Real Sociedad II vs RCD Mallorca,Spain Segunda División,X2,READY,SMALL SAMPLE,PRIOR / SHRINKAGE,DA,0.6540640947,0.74468169,-9.061759537,0.6144569726,0.6426607435,0.74468169,0.6792741136,0.7106209321,2,2,55,55,0.0350877193,0.9649122807,0.045,0.6090640947,0.02943280814,0.380110599,0.4871749374,0.3855430274,0.3640443583,0.3468748026,0.4410009786,0.2739534956,0.2575067526,1.225350877,1.121315789,0.86,0.9075
8584563,Real Sociedad II vs RCD Mallorca,Spain Segunda División,12,READY,SMALL SAMPLE,PRIOR / SHRINKAGE,DA,0.7260465044,0.7424932474,-1.644674302,0.7201545776,0.7213836149,0.7424932474,0.667600689,0.7303800465,2,2,55,55,0.0350877193,0.9649122807,0.045,0.6810465044,0.02943280814,0.380110599,0.4871749374,0.3855430274,0.3640443583,0.3468748026,0.4410009786,0.2739534956,0.2575067526,1.225350877,1.121315789,0.86,0.9075
8588662,AB vs Esbjerg,Denmark 1st Division,1X,READY,SMALL SAMPLE,PRIOR / SHRINKAGE,DA,0.6435361723,0.6836943062,-4.015813392,0.6284219821,0.6336064187,0.6836943062,0.6280415254,0.6616893513,3,4,48,48,0.05882352941,0.9411764706,0.045,0.5985361723,0.005184436631,0.3888420583,0.4456326524,0.3715780179,0.3729112851,0.3906702588,0.4187448241,0.2546941139,0.2380616538,1.33025264,1.337085219,1.584166667,1.540833333
8588662,AB vs Esbjerg,Denmark 1st Division,X2,READY,SMALL SAMPLE,PRIOR / SHRINKAGE,DA,0.6111579417,0.5543673476,5.679059405,0.6315878521,0.6270887149,0.5543673476,0.6093297412,0.5812551759,3,4,48,48,0.05882352941,0.9411764706,0.045,0.5661579417,0.005184436631,0.3888420583,0.4456326524,0.3715780179,0.3729112851,0.3906702588,0.4187448241,0.2546941139,0.2380616538,1.33025264,1.337085219,1.584166667,1.540833333
8588662,AB vs Esbjerg,Denmark 1st Division,12,READY,SMALL SAMPLE,PRIOR / SHRINKAGE,DA,0.7453058861,0.7619383462,-1.663246013,0.7399901659,0.7393048664,0.7619383462,0.7626287334,0.7570554729,3,4,48,48,0.05882352941,0.9411764706,0.045,0.7003058861,0.005184436631,0.3888420583,0.4456326524,0.3715780179,0.3729112851,0.3906702588,0.4187448241,0.2546941139,0.2380616538,1.33025264,1.337085219,1.584166667,1.540833333
8588689,Aarhus Fremad vs Hvidovre,Denmark 1st Division,1X,READY,SMALL SAMPLE,PRIOR / SHRINKAGE,DA,0.6302443293,0.6500850897,-1.984076038,0.6220618243,0.6267685788,0.6500850897,0.5591765116,0.574840779,4,4,48,48,0.07692307692,0.9230769231,0.045,0.5852443293,0.005073345394,0.3697556707,0.3743945543,0.3779381757,0.3732314212,0.4408234884,0.425159221,0.2653698641,0.2756905354,1.296153846,1.334615385,1.18,1.48
8588689,Aarhus Fremad vs Hvidovre,Denmark 1st Division,X2,READY,SMALL SAMPLE,PRIOR / SHRINKAGE,DA,0.6351255348,0.6256054457,0.9520089061,0.639990013,0.6349166676,0.6256054457,0.6978249391,0.6785839481,4,4,48,48,0.07692307692,0.9230769231,0.045,0.5901255348,0.005073345394,0.3697556707,0.3743945543,0.3779381757,0.3732314212,0.4408234884,0.425159221,0.2653698641,0.2756905354,1.296153846,1.334615385,1.18,1.48
8588689,Aarhus Fremad vs Hvidovre,Denmark 1st Division,12,READY,SMALL SAMPLE,PRIOR / SHRINKAGE,DA,0.7346301359,0.7243094646,1.032067132,0.7379481627,0.7383147536,0.7243094646,0.7429985493,0.746575273,4,4,48,48,0.07692307692,0.9230769231,0.045,0.6896301359,0.005073345394,0.3697556707,0.3743945543,0.3779381757,0.3732314212,0.4408234884,0.425159221,0.2653698641,0.2756905354,1.296153846,1.334615385,1.18,1.48
8710042,TPS vs Ilves,Finland Veikkausliiga,1X,READY,VERIFIED,,NU,0.6688747788,0.6409250835,2.794969528,0.6985034848,0.6375670619,0.6409250835,0.6985034848,0.6375670619,12,11,144,144,1,0,0.025,0.6438747788,0.07681466056,0.4215775186,0.366402976,0.4655739196,0.3887592591,0.4655739196,0.3887592591,0.2472972602,0.2745221074,1.753409091,1.371363636,1.753409091,1.371363636
8710042,TPS vs Ilves,Finland Veikkausliiga,X2,READY,VERIFIED,,NU,0.5784224814,0.633597024,-5.517454256,0.5344260804,0.6112407409,0.633597024,0.5344260804,0.6112407409,12,11,144,144,1,0,0.025,0.5534224814,0.07681466056,0.4215775186,0.366402976,0.4655739196,0.3887592591,0.4655739196,0.3887592591,0.2472972602,0.2745221074,1.753409091,1.371363636,1.753409091,1.371363636
8710042,TPS vs Ilves,Finland Veikkausliiga,12,READY,VERIFIED,,NU,0.7527027398,0.7254778926,2.722484727,0.7670704348,0.7511921972,0.7254778926,0.7670704348,0.7511921972,12,11,144,144,1,0,0.025,0.7277027398,0.07681466056,0.4215775186,0.366402976,0.4655739196,0.3887592591,0.4655739196,0.3887592591,0.2472972602,0.2745221074,1.753409091,1.371363636,1.753409091,1.371363636
8550475,Korona Kielce vs Raków Częstochowa,Poland Ekstraklasa,1X,READY,SMALL SAMPLE,PRIOR / SHRINKAGE,DA,0.6824519253,0.6977413379,-1.528941253,0.7020417955,0.6279827724,0.6977413379,0.6953305708,0.6875824909,4,3,69,69,0.05479452055,0.9452054795,0.045,0.6374519253,0.07736760901,0.4318681505,0.433797154,0.4570143523,0.3796467433,0.4360243424,0.4484703294,0.2505837749,0.2639441838,1.611332604,1.255159817,1.454166667,1.171666667
8550475,Korona Kielce vs Raków Częstochowa,Poland Ekstraklasa,X2,READY,SMALL SAMPLE,PRIOR / SHRINKAGE,DA,0.5681318495,0.566202846,0.1929003536,0.5429856477,0.6203532567,0.566202846,0.5639756576,0.5515296706,4,3,69,69,0.05479452055,0.9452054795,0.045,0.5231318495,0.07736760901,0.4318681505,0.433797154,0.4570143523,0.3796467433,0.4360243424,0.4484703294,0.2505837749,0.2639441838,1.611332604,1.255159817,1.454166667,1.171666667
8550475,Korona Kielce vs Raków Częstochowa,Poland Ekstraklasa,12,READY,SMALL SAMPLE,PRIOR / SHRINKAGE,DA,0.7494162251,0.7360558162,1.336040899,0.7549725568,0.7516639709,0.7360558162,0.7406937715,0.7608878384,4,3,69,69,0.05479452055,0.9452054795,0.045,0.7044162251,0.07736760901,0.4318681505,0.433797154,0.4570143523,0.3796467433,0.4360243424,0.4484703294,0.2505837749,0.2639441838,1.611332604,1.255159817,1.454166667,1.171666667
8571990,Fleury 91 vs Thionville Lusitanos,France National,1X,READY,SMALL SAMPLE,PRIOR / SHRINKAGE,DA,0.6620061307,0.7303523035,-6.83461728,0.6384546773,0.6407628647,0.7303523035,0.5707863786,0.6170499021,3,3,54,54,0.05263157895,0.9473684211,0.045,0.6170061307,0.003071052124,0.382396247,0.460704607,0.3615453227,0.3592371353,0.4292136214,0.3829500979,0.2796098838,0.2696476965,1.147061404,1.159780702,1.204166667,1.455833333
8571990,Fleury 91 vs Thionville Lusitanos,France National,X2,READY,SMALL SAMPLE,PRIOR / SHRINKAGE,DA,0.617603753,0.539295393,7.830836007,0.6447302238,0.6416591716,0.539295393,0.6872271875,0.6325844067,3,3,54,54,0.05263157895,0.9473684211,0.045,0.572603753,0.003071052124,0.382396247,0.460704607,0.3615453227,0.3592371353,0.4292136214,0.3829500979,0.2796098838,0.2696476965,1.147061404,1.159780702,1.204166667,1.455833333
8571990,Fleury 91 vs Thionville Lusitanos,France National,12,READY,SMALL SAMPLE,PRIOR / SHRINKAGE,DA,0.7203901162,0.7303523035,-0.9962187276,0.7168150989,0.7175779636,0.7303523035,0.7419864339,0.7503656912,3,3,54,54,0.05263157895,0.9473684211,0.045,0.6753901162,0.003071052124,0.382396247,0.460704607,0.3615453227,0.3592371353,0.4292136214,0.3829500979,0.2796098838,0.2696476965,1.147061404,1.159780702,1.204166667,1.455833333
8572070,Amiens SC vs Orléans,France National,1X,READY,SMALL SAMPLE,PRIOR / SHRINKAGE,DA,0.6608256309,0.7135348226,-5.270919173,0.6416419664,0.6464837681,0.7135348226,0.6537774531,0.7247829657,2,3,54,54,0.03571428571,0.9642857143,0.045,0.6158256309,0.004841801651,0.3749654445,0.4270696452,0.3583580336,0.3606398806,0.3462225469,0.4181107618,0.2858601864,0.2864651774,1.135053258,1.139650689,0.9858333333,0.9916666667
8572070,Amiens SC vs Orléans,France National,X2,READY,SMALL SAMPLE,PRIOR / SHRINKAGE,DA,0.6250345555,0.5729303548,5.21042007,0.6439238739,0.6393601194,0.5729303548,0.6568470351,0.5818892382,2,3,54,54,0.03571428571,0.9642857143,0.045,0.5800345555,0.004841801651,0.3749654445,0.4270696452,0.3583580336,0.3606398806,0.3462225469,0.4181107618,0.2858601864,0.2864651774,1.135053258,1.139650689,0.9858333333,0.9916666667
8572070,Amiens SC vs Orléans,France National,12,READY,SMALL SAMPLE,PRIOR / SHRINKAGE,DA,0.7141398136,0.7135348226,0.0604991029,0.7144341597,0.7141561126,0.7135348226,0.6893755117,0.6933277961,2,3,54,54,0.03571428571,0.9642857143,0.045,0.6691398136,0.004841801651,0.3749654445,0.4270696452,0.3583580336,0.3606398806,0.3462225469,0.4181107618,0.2858601864,0.2864651774,1.135053258,1.139650689,0.9858333333,0.9916666667
8572090,Concarneau vs Caen,France National,1X,READY,SMALL SAMPLE,PRIOR / SHRINKAGE,DA,0.6530572785,0.6910262724,-3.796899386,0.6412212009,0.63876044,0.6910262724,0.6054703477,0.5766949662,3,2,54,54,0.05263157895,0.9473684211,0.045,0.6080572785,0.003678138577,0.3707557859,0.4105731966,0.3587787991,0.36123956,0.3945296523,0.4233050338,0.2823014926,0.2804530758,1.158027882,1.15816886,1.508333333,1.573333333
8572090,Concarneau vs Caen,France National,X2,READY,SMALL SAMPLE,PRIOR / SHRINKAGE,DA,0.6292442141,0.5894268034,3.981741063,0.6412906381,0.6449687766,0.5894268034,0.6337122887,0.6898424975,3,2,54,54,0.05263157895,0.9473684211,0.045,0.5842442141,0.003678138577,0.3707557859,0.4105731966,0.3587787991,0.36123956,0.3945296523,0.4233050338,0.2823014926,0.2804530758,1.158027882,1.15816886,1.508333333,1.573333333
8572090,Concarneau vs Caen,France National,12,READY,SMALL SAMPLE,PRIOR / SHRINKAGE,DA,0.7176985074,0.7195469242,-0.1848416777,0.717488161,0.7162707833,0.7195469242,0.7608173636,0.7334625363,3,2,54,54,0.05263157895,0.9473684211,0.045,0.6726985074,0.003678138577,0.3707557859,0.4105731966,0.3587787991,0.36123956,0.3945296523,0.4233050338,0.2823014926,0.2804530758,1.158027882,1.15816886,1.508333333,1.573333333
8572102,Versailles vs Quevilly Rouen,France National,1X,READY,SMALL SAMPLE,PRIOR / SHRINKAGE,DA,0.680911341,0.7869822485,-10.60709075,0.6466411316,0.6433808524,0.7869822485,0.7012192086,0.6617355121,2,3,54,54,0.03571428571,0.9642857143,0.045,0.635911341,0.003260279261,0.4040940566,0.5325443787,0.3617996068,0.3602326341,0.4141995824,0.402658064,0.2768172844,0.2544378698,1.15064693,1.133610589,1.226666667,0.9958333333
8572102,Versailles vs Quevilly Rouen,France National,X2,READY,SMALL SAMPLE,PRIOR / SHRINKAGE,DA,0.5959059434,0.4674556213,12.84503221,0.6382003932,0.6397673659,0.4674556213,0.5858004176,0.597341936,2,3,54,54,0.03571428571,0.9642857143,0.045,0.5509059434,0.003260279261,0.4040940566,0.5325443787,0.3617996068,0.3602326341,0.4141995824,0.402658064,0.2768172844,0.2544378698,1.15064693,1.133610589,1.226666667,0.9958333333
8572102,Versailles vs Quevilly Rouen,France National,12,READY,SMALL SAMPLE,PRIOR / SHRINKAGE,DA,0.7231827156,0.7455621302,-2.237941459,0.7151584752,0.7168517818,0.7455621302,0.7129803738,0.7409225519,2,3,54,54,0.03571428571,0.9642857143,0.045,0.6781827156,0.003260279261,0.4040940566,0.5325443787,0.3617996068,0.3602326341,0.4141995824,0.402658064,0.2768172844,0.2544378698,1.15064693,1.133610589,1.226666667,0.9958333333
8572137,Rouen vs Aubagne,France National,1X,READY,SMALL SAMPLE,PRIOR / SHRINKAGE,DA,0.690987734,0.8114107202,-12.04229861,0.6500686572,0.6524029016,0.8114107202,0.812060681,0.8139547012,3,2,54,54,0.05263157895,0.9473684211,0.045,0.645987734,0.003611084979,0.4172293319,0.5718513647,0.3644849593,0.3680960443,0.5218721622,0.5606644313,0.2737584021,0.2395593555,1.151632206,1.122313596,1.300833333,0.6558333333
8572137,Rouen vs Aubagne,France National,X2,READY,SMALL SAMPLE,PRIOR / SHRINKAGE,DA,0.5827706681,0.4281486353,15.46220328,0.6355150407,0.6319039557,0.4281486353,0.4781278378,0.4393355687,3,2,54,54,0.05263157895,0.9473684211,0.045,0.5377706681,0.003611084979,0.4172293319,0.5718513647,0.3644849593,0.3680960443,0.5218721622,0.5606644313,0.2737584021,0.2395593555,1.151632206,1.122313596,1.300833333,0.6558333333
8572137,Rouen vs Aubagne,France National,12,READY,SMALL SAMPLE,PRIOR / SHRINKAGE,DA,0.7262415979,0.7604406445,-3.419904665,0.7144163021,0.7156931427,0.7604406445,0.7098114811,0.7467097302,3,2,54,54,0.05263157895,0.9473684211,0.045,0.6812415979,0.003611084979,0.4172293319,0.5718513647,0.3644849593,0.3680960443,0.5218721622,0.5606644313,0.2737584021,0.2395593555,1.151632206,1.122313596,1.300833333,0.6558333333
8572185,La Roche VF vs Valenciennes,France National,1X,READY,SMALL SAMPLE,PRIOR / SHRINKAGE,DA,0.658169998,0.6886270738,-3.045707582,0.6492018572,0.6456492037,0.6886270738,0.7555258543,0.7049094445,3,3,54,54,0.05263157895,0.9473684211,0.045,0.613169998,0.005427353651,0.3742629445,0.4039432556,0.3661786253,0.3607512717,0.5094973603,0.417868152,0.2839070535,0.2846838182,1.169868421,1.138684211,1.6375,1.055
8572185,La Roche VF vs Valenciennes,France National,X2,READY,SMALL SAMPLE,PRIOR / SHRINKAGE,DA,0.6257370555,0.5960567444,2.968031112,0.6338213747,0.6392487283,0.5960567444,0.4905026397,0.582131848,3,3,54,54,0.05263157895,0.9473684211,0.045,0.5807370555,0.005427353651,0.3742629445,0.4039432556,0.3661786253,0.3607512717,0.5094973603,0.417868152,0.2839070535,0.2846838182,1.169868421,1.138684211,1.6375,1.055
8572185,La Roche VF vs Valenciennes,France National,12,READY,SMALL SAMPLE,PRIOR / SHRINKAGE,DA,0.7160929465,0.7153161818,0.0776764705,0.7169767681,0.715102068,0.7153161818,0.7539715059,0.7129587075,3,3,54,54,0.05263157895,0.9473684211,0.045,0.6710929465,0.005427353651,0.3742629445,0.4039432556,0.3661786253,0.3607512717,0.5094973603,0.417868152,0.2839070535,0.2846838182,1.169868421,1.138684211,1.6375,1.055
8572208,Paris 13 Atletico vs Bourg-en-Bresse,France National,1X,READY,SMALL SAMPLE,PRIOR / SHRINKAGE,DA,0.6717341862,0.7394722182,-6.7738032,0.6507182994,0.6460279278,0.7394722182,0.8367485962,0.7110275279,3,2,54,54,0.05263157895,0.9473684211,0.045,0.6267341862,0.004690371652,0.383031965,0.4405059112,0.3651430206,0.3613359075,0.5676948571,0.4287994584,0.2887022212,0.298966307,1.152955827,1.121002506,1.4425,0.6333333333
8572208,Paris 13 Atletico vs Bourg-en-Bresse,France National,X2,READY,SMALL SAMPLE,PRIOR / SHRINKAGE,DA,0.616968035,0.5594940888,5.747394625,0.6348569794,0.6386640925,0.5594940888,0.4323051429,0.5712005416,3,2,54,54,0.05263157895,0.9473684211,0.045,0.571968035,0.004690371652,0.383031965,0.4405059112,0.3651430206,0.3613359075,0.5676948571,0.4287994584,0.2887022212,0.298966307,1.152955827,1.121002506,1.4425,0.6333333333
8572208,Paris 13 Atletico vs Bourg-en-Bresse,France National,12,READY,SMALL SAMPLE,PRIOR / SHRINKAGE,DA,0.7112977788,0.701033693,1.026408575,0.7144247212,0.7153079798,0.701033693,0.7309462608,0.7177719305,3,2,54,54,0.05263157895,0.9473684211,0.045,0.6662977788,0.004690371652,0.383031965,0.4405059112,0.3651430206,0.3613359075,0.5676948571,0.4287994584,0.2887022212,0.298966307,1.152955827,1.121002506,1.4425,0.6333333333
8572220,Le Puy F.43 Auvergne vs Villefranche,France National,1X,CRITICAL MISSING,SMALL SAMPLE,PRIOR / SHRINKAGE,DA,,,,0.6531803564,0.6465368577,,0.8228262017,0.7177824861,2,3,54,54,0.03571428571,0.9642857143,0.045,,0.008533639611,,,0.3710187697,0.3624851301,0.6052600328,0.4485057038,,,1.184345238,1.135178571,1.919166667,0.93
8572220,Le Puy F.43 Auvergne vs Villefranche,France National,X2,CRITICAL MISSING,SMALL SAMPLE,PRIOR / SHRINKAGE,DA,,,,0.6289812303,0.6375148699,,0.3947399672,0.5514942962,2,3,54,54,0.03571428571,0.9642857143,0.045,,0.008533639611,,,0.3710187697,0.3624851301,0.6052600328,0.4485057038,,,1.184345238,1.135178571,1.919166667,0.93
8572220,Le Puy F.43 Auvergne vs Villefranche,France National,12,CRITICAL MISSING,SMALL SAMPLE,PRIOR / SHRINKAGE,DA,,,,0.7178384133,0.7159482724,,0.7824338311,0.7307232177,2,3,54,54,0.03571428571,0.9642857143,0.045,,0.008533639611,,,0.3710187697,0.3624851301,0.6052600328,0.4485057038,,,1.184345238,1.135178571,1.919166667,0.93
8420259,Brommapojkarna vs IFK Göteborg,Sweden Allsvenskan,1X,READY,VERIFIED,,NU,0.6299292022,0.5967654987,3.316370351,0.6699050842,0.5831411416,0.5967654987,0.6699050842,0.5831411416,10,10,168,168,1,0,0.025,0.6049292022,0.09405124161,0.3918046363,0.4032345013,0.4437835498,0.4168588584,0.4437835498,0.4168588584,0.2381245658,0.2668463612,1.8125,1.54,1.8125,1.54
8420259,Brommapojkarna vs IFK Göteborg,Sweden Allsvenskan,X2,READY,VERIFIED,,NU,0.6081953637,0.6700808625,-6.188549888,0.5562164502,0.6502676918,0.6700808625,0.5562164502,0.6502676918,10,10,168,168,1,0,0.025,0.5831953637,0.09405124161,0.3918046363,0.4032345013,0.4437835498,0.4168588584,0.4437835498,0.4168588584,0.2381245658,0.2668463612,1.8125,1.54,1.8125,1.54
8420259,Brommapojkarna vs IFK Göteborg,Sweden Allsvenskan,12,READY,VERIFIED,,NU,0.7618754342,0.7331536388,2.872179537,0.7738784657,0.7665911666,0.7331536388,0.7738784657,0.7665911666,10,10,168,168,1,0,0.025,0.7368754342,0.09405124161,0.3918046363,0.4032345013,0.4437835498,0.4168588584,0.4437835498,0.4168588584,0.2381245658,0.2668463612,1.8125,1.54,1.8125,1.54
8420360,Västerås SK vs Malmö FF,Sweden Allsvenskan,1X,READY,VERIFIED,,NU,0.6029923931,0.5681627517,3.482964142,0.6375479109,0.5687109989,0.5681627517,0.6375479109,0.5687109989,10,10,168,168,1,0,0.025,0.5779923931,0.06883691198,0.3970076069,0.4318372483,0.3829736371,0.4312890011,0.3829736371,0.4312890011,0.2501201665,0.2554530201,1.405,1.36,1.405,1.36
8420360,Västerås SK vs Malmö FF,Sweden Allsvenskan,X2,READY,VERIFIED,,NU,0.6471277734,0.6872902685,-4.016249508,0.6170263629,0.6671680993,0.6872902685,0.6170263629,0.6671680993,10,10,168,168,1,0,0.025,0.6221277734,0.06883691198,0.3970076069,0.4318372483,0.3829736371,0.4312890011,0.3829736371,0.4312890011,0.2501201665,0.2554530201,1.405,1.36,1.405,1.36
8420360,Västerås SK vs Malmö FF,Sweden Allsvenskan,12,READY,VERIFIED,,NU,0.7498798335,0.7445469799,0.5332853653,0.7454257262,0.7641209018,0.7445469799,0.7454257262,0.7641209018,10,10,168,168,1,0,0.025,0.7248798335,0.06883691198,0.3970076069,0.4318372483,0.3829736371,0.4312890011,0.3829736371,0.4312890011,0.2501201665,0.2554530201,1.405,1.36,1.405,1.36
8545044,Udinese vs Cagliari,Italy Serie A,1X,READY,SMALL SAMPLE,PRIOR / SHRINKAGE,DA,0.6445046462,0.7167018039,-7.219715764,0.6211319238,0.6190529336,0.7167018039,0.5440945997,0.5437944822,2,2,40,40,0.04761904762,0.9523809524,0.045,0.5995046462,0.002078990182,0.3872691219,0.4255824919,0.3788680762,0.3809470664,0.4559054003,0.4562055178,0.2572355243,0.291119312,1.460595238,1.469642857,1.1725,1.5325
8545044,Udinese vs Cagliari,Italy Serie A,X2,READY,SMALL SAMPLE,PRIOR / SHRINKAGE,DA,0.6127308781,0.5744175081,3.831337001,0.6251533433,0.6261993177,0.5744175081,0.7089860525,0.6887978507,2,2,40,40,0.04761904762,0.9523809524,0.045,0.5677308781,0.002078990182,0.3872691219,0.4255824919,0.3788680762,0.3809470664,0.4559054003,0.4562055178,0.2572355243,0.291119312,1.460595238,1.469642857,1.1725,1.5325
8545044,Udinese vs Cagliari,Italy Serie A,12,READY,SMALL SAMPLE,PRIOR / SHRINKAGE,DA,0.7427644757,0.708880688,3.388378763,0.7537147329,0.7547477488,0.708880688,0.7469193478,0.7674076671,2,2,40,40,0.04761904762,0.9523809524,0.045,0.6977644757,0.002078990182,0.3872691219,0.4255824919,0.3788680762,0.3809470664,0.4559054003,0.4562055178,0.2572355243,0.291119312,1.460595238,1.469642857,1.1725,1.5325
8545204,Bologna vs Torino,Italy Serie A,1X,READY,SMALL SAMPLE,PRIOR / SHRINKAGE,DA,0.6613171648,0.7658469748,-10.452981,0.6266739611,0.6260737624,0.7658469748,0.6645470199,0.693893057,2,2,40,40,0.04761904762,0.9523809524,0.045,0.6163171648,0.00152368934,0.4078730121,0.4903728276,0.3808809701,0.3793572808,0.4188375034,0.4275545711,0.2534441527,0.2754741473,1.478690476,1.461666667,1.5525,1.365
8545204,Bologna vs Torino,Italy Serie A,X2,READY,SMALL SAMPLE,PRIOR / SHRINKAGE,DA,0.5921269879,0.5096271724,8.249981545,0.6191190299,0.6206427192,0.5096271724,0.5811624966,0.5724454289,2,2,40,40,0.04761904762,0.9523809524,0.045,0.5471269879,0.00152368934,0.4078730121,0.4903728276,0.3808809701,0.3793572808,0.4188375034,0.4275545711,0.2534441527,0.2754741473,1.478690476,1.461666667,1.5525,1.365
8545204,Bologna vs Torino,Italy Serie A,12,READY,SMALL SAMPLE,PRIOR / SHRINKAGE,DA,0.7465558473,0.7245258527,2.202999454,0.754207009,0.7532835183,0.7245258527,0.7542904835,0.7336615141,2,2,40,40,0.04761904762,0.9523809524,0.045,0.7015558473,0.00152368934,0.4078730121,0.4903728276,0.3808809701,0.3793572808,0.4188375034,0.4275545711,0.2534441527,0.2754741473,1.478690476,1.461666667,1.5525,1.365
8560479,Pardubice vs Bohemians 1905,Czech Republic First League,1X,READY,SMALL SAMPLE,PRIOR / SHRINKAGE,DA,0.6795017506,0.7516167665,-7.211501585,0.6724514682,0.6214872997,0.7516167665,0.6884946133,0.5962301954,3,4,63,63,0.04545454545,0.9545454545,0.045,0.6345017506,0.05324772189,0.4298438056,0.4886227545,0.4280000632,0.3785127003,0.4422559672,0.4037698046,0.249657945,0.262994012,1.579501428,1.352964793,1.581666667,1.289166667
8560479,Pardubice vs Bohemians 1905,Czech Republic First League,X2,READY,SMALL SAMPLE,PRIOR / SHRINKAGE,DA,0.5701561944,0.5113772455,5.877894891,0.5719999368,0.6252476587,0.5113772455,0.5577440328,0.6608850013,3,4,63,63,0.04545454545,0.9545454545,0.045,0.5251561944,0.05324772189,0.4298438056,0.4886227545,0.4280000632,0.3785127003,0.4422559672,0.4037698046,0.249657945,0.262994012,1.579501428,1.352964793,1.581666667,1.289166667
8560479,Pardubice vs Bohemians 1905,Czech Republic First League,12,READY,SMALL SAMPLE,PRIOR / SHRINKAGE,DA,0.750342055,0.737005988,1.333606694,0.7555485951,0.7532650417,0.737005988,0.7537613539,0.7428848033,3,4,63,63,0.04545454545,0.9545454545,0.045,0.705342055,0.05324772189,0.4298438056,0.4886227545,0.4280000632,0.3785127003,0.4422559672,0.4037698046,0.249657945,0.262994012,1.579501428,1.352964793,1.581666667,1.289166667
8560583,Mladá Boleslav vs Zbrojovka Brno,Czech Republic First League,1X,READY,SMALL SAMPLE,PRIOR / SHRINKAGE,DA,0.6666986808,0.6885496183,-2.185093755,0.6768756094,0.6244938859,0.6885496183,0.7931268025,0.6491410103,3,3,63,63,0.04545454545,0.9545454545,0.045,0.6216986808,0.05393365783,0.4173109194,0.425648855,0.4325094935,0.3785758356,0.562689177,0.4079927097,0.2493877614,0.2629007634,1.587054924,1.340464015,1.800833333,0.9958333333
8560583,Mladá Boleslav vs Zbrojovka Brno,Czech Republic First League,X2,READY,SMALL SAMPLE,PRIOR / SHRINKAGE,DA,0.5826890806,0.574351145,0.8337935588,0.5674905065,0.6214241644,0.574351145,0.437310823,0.5920072903,3,3,63,63,0.04545454545,0.9545454545,0.045,0.5376890806,0.05393365783,0.4173109194,0.425648855,0.4325094935,0.3785758356,0.562689177,0.4079927097,0.2493877614,0.2629007634,1.587054924,1.340464015,1.800833333,0.9958333333
8560583,Mladá Boleslav vs Zbrojovka Brno,Czech Republic First League,12,READY,SMALL SAMPLE,PRIOR / SHRINKAGE,DA,0.7506122386,0.7370992366,1.351300197,0.755633884,0.7540819497,0.7370992366,0.7695623745,0.7588516994,3,3,63,63,0.04545454545,0.9545454545,0.045,0.7056122386,0.05393365783,0.4173109194,0.425648855,0.4325094935,0.3785758356,0.562689177,0.4079927097,0.2493877614,0.2629007634,1.587054924,1.340464015,1.800833333,0.9958333333
8578088,Líšeň vs Slovan Liberec,Czech Republic First League,1X,CRITICAL MISSING,SMALL SAMPLE,PRIOR / SHRINKAGE,DA,,,,0.6514337231,0.6101822499,,0.3329133484,0.3957676808,4,4,63,63,0.05970149254,0.9402985075,0.045,,0.0425107461,,,0.4062734074,0.3898177501,0.6670866516,0.6042323192,,,1.536016791,1.405867537,0.8925,2.1775
8578088,Líšeň vs Slovan Liberec,Czech Republic First League,X2,CRITICAL MISSING,SMALL SAMPLE,PRIOR / SHRINKAGE,DA,,,,0.5937265926,0.6362373387,,0.8582642407,0.8245248616,4,4,63,63,0.05970149254,0.9402985075,0.045,,0.0425107461,,,0.4062734074,0.3898177501,0.6670866516,0.6042323192,,,1.536016791,1.405867537,0.8925,2.1775
8578088,Líšeň vs Slovan Liberec,Czech Republic First League,12,CRITICAL MISSING,SMALL SAMPLE,PRIOR / SHRINKAGE,DA,,,,0.7548396843,0.7535804114,,0.8088224109,0.7797074576,4,4,63,63,0.05970149254,0.9402985075,0.045,,0.0425107461,,,0.4062734074,0.3898177501,0.6670866516,0.6042323192,,,1.536016791,1.405867537,0.8925,2.1775
8614421,Palermo vs Calcio Padova,Italy Serie B,1X,READY,SMALL SAMPLE,PRIOR / SHRINKAGE,DA,0.6947422842,0.8212290503,-12.64867661,0.6602239162,0.637292254,0.8212290503,0.7607640095,0.7133660081,2,2,40,40,0.04761904762,0.9523809524,0.045,0.6497422842,0.02369001994,0.4371064378,0.5865921788,0.3951745308,0.3714845108,0.5241489553,0.4640617354,0.2576358464,0.2346368715,1.344761905,1.22702381,1.74,1.0975
8614421,Palermo vs Calcio Padova,Italy Serie B,X2,READY,SMALL SAMPLE,PRIOR / SHRINKAGE,DA,0.5628935622,0.4134078212,14.9485741,0.6048254692,0.6285154892,0.4134078212,0.4758510447,0.5359382646,2,2,40,40,0.04761904762,0.9523809524,0.045,0.5178935622,0.02369001994,0.4371064378,0.5865921788,0.3951745308,0.3714845108,0.5241489553,0.4640617354,0.2576358464,0.2346368715,1.344761905,1.22702381,1.74,1.0975
8614421,Palermo vs Calcio Padova,Italy Serie B,12,READY,SMALL SAMPLE,PRIOR / SHRINKAGE,DA,0.7423641536,0.7653631285,-2.299897487,0.7349506146,0.7341922568,0.7653631285,0.7633849458,0.7506957272,2,2,40,40,0.04761904762,0.9523809524,0.045,0.6973641536,0.02369001994,0.4371064378,0.5865921788,0.3951745308,0.3714845108,0.5241489553,0.4640617354,0.2576358464,0.2346368715,1.344761905,1.22702381,1.74,1.0975
8614483,Cremonese vs Virtus Entella,Italy Serie B,1X,READY,SMALL SAMPLE,PRIOR / SHRINKAGE,DA,0.668587344,0.7487758225,-8.018847854,0.6475382818,0.6304969897,0.7487758225,0.5096250714,0.5789609787,2,2,40,40,0.04761904762,0.9523809524,0.045,0.623587344,0.01729129289,0.3991862547,0.4671002295,0.3823120273,0.3695030103,0.4903749286,0.4210390213,0.2694010893,0.281675593,1.319404762,1.255952381,1.2075,1.705
8614483,Cremonese vs Virtus Entella,Italy Serie B,X2,READY,SMALL SAMPLE,PRIOR / SHRINKAGE,DA,0.6008137453,0.5328997705,6.791397487,0.6176879727,0.6349792655,0.5328997705,0.7291844421,0.6683997883,2,2,40,40,0.04761904762,0.9523809524,0.045,0.5558137453,0.01729129289,0.3991862547,0.4671002295,0.3823120273,0.3695030103,0.4903749286,0.4210390213,0.2694010893,0.281675593,1.319404762,1.255952381,1.2075,1.705
8614483,Cremonese vs Virtus Entella,Italy Serie B,12,READY,SMALL SAMPLE,PRIOR / SHRINKAGE,DA,0.7305989107,0.718324407,1.227450367,0.7347737455,0.7345237447,0.718324407,0.7611904864,0.752639233,2,2,40,40,0.04761904762,0.9523809524,0.045,0.6855989107,0.01729129289,0.3991862547,0.4671002295,0.3823120273,0.3695030103,0.4903749286,0.4210390213,0.2694010893,0.281675593,1.319404762,1.255952381,1.2075,1.705
8614489,Carrarese vs Benevento,Italy Serie B,1X,READY,SMALL SAMPLE,PRIOR / SHRINKAGE,DA,0.6371169702,0.6109860423,2.613092789,0.6535454386,0.6303909613,0.6109860423,0.6980428062,0.5712069336,2,1,40,40,0.04761904762,0.9523809524,0.045,0.5921169702,0.02315447726,0.3668116589,0.3890139577,0.3861935311,0.3696090387,0.377326269,0.4287930664,0.2703053113,0.2796037821,1.311210801,1.227256098,1.0025,0.8625
8614489,Carrarese vs Benevento,Italy Serie B,X2,READY,SMALL SAMPLE,PRIOR / SHRINKAGE,DA,0.6331883411,0.6686177398,-3.542939871,0.6138064689,0.6365226866,0.6686177398,0.622673731,0.7033739084,2,1,40,40,0.04761904762,0.9523809524,0.045,0.5881883411,0.02315447726,0.3668116589,0.3890139577,0.3861935311,0.3696090387,0.377326269,0.4287930664,0.2703053113,0.2796037821,1.311210801,1.227256098,1.0025,0.8625
8614489,Carrarese vs Benevento,Italy Serie B,12,READY,SMALL SAMPLE,PRIOR / SHRINKAGE,DA,0.7296946887,0.7203962179,0.9298470812,0.7326480925,0.7330863521,0.7203962179,0.6792834629,0.725419158,2,1,40,40,0.04761904762,0.9523809524,0.045,0.6846946887,0.02315447726,0.3668116589,0.3890139577,0.3861935311,0.3696090387,0.377326269,0.4287930664,0.2703053113,0.2796037821,1.311210801,1.227256098,1.0025,0.8625
8546364,Septemvri Sofia vs Botev Plovdiv,Bulgaria First League,1X,READY,SMALL SAMPLE,PRIOR / SHRINKAGE,DA,0.6248630358,0.472168906,15.26941299,0.6998595266,0.6275641843,0.472168906,0.6765161691,0.5937522004,4,4,63,63,0.05970149254,0.9402985075,0.045,0.5798630358,0.07642880691,0.3751369642,0.527831094,0.4443387619,0.3724358157,0.4304881556,0.4062477996,0.2545055821,0.2473265698,1.497313433,1.184104478,1.5675,1.3275
8546364,Septemvri Sofia vs Botev Plovdiv,Bulgaria First League,X2,READY,SMALL SAMPLE,PRIOR / SHRINKAGE,DA,0.6296425463,0.7751576638,-14.55151175,0.5556612381,0.6320900451,0.7751576638,0.5695118444,0.6607025789,4,4,63,63,0.05970149254,0.9402985075,0.045,0.5846425463,0.07642880691,0.3751369642,0.527831094,0.4443387619,0.3724358157,0.4304881556,0.4062477996,0.2545055821,0.2473265698,1.497313433,1.184104478,1.5675,1.3275
8546364,Septemvri Sofia vs Botev Plovdiv,Bulgaria First League,12,READY,SMALL SAMPLE,PRIOR / SHRINKAGE,DA,0.7454944179,0.7526734302,-0.7179012357,0.7444792353,0.7403457707,0.7526734302,0.7539719865,0.7455452207,4,4,63,63,0.05970149254,0.9402985075,0.045,0.7004944179,0.07642880691,0.3751369642,0.527831094,0.4443387619,0.3724358157,0.4304881556,0.4062477996,0.2545055821,0.2473265698,1.497313433,1.184104478,1.5675,1.3275
8571624,Voitsberg vs Austria Salzburg,Austria 2. Liga,1X,READY,SMALL SAMPLE,PRIOR / SHRINKAGE,DA,0.683159578,0.7078651685,-2.47055905,0.7055657838,0.613641576,0.7078651685,0.5816362664,0.5461879627,3,3,48,48,0.05882352941,0.9411764706,0.045,0.638159578,0.09566578464,0.4410493916,0.4382022472,0.4738870346,0.386358424,0.4183637336,0.4538120373,0.2421101864,0.2696629213,1.776078431,1.357254902,1.203333333,1.413333333
8571624,Voitsberg vs Austria Salzburg,Austria 2. Liga,X2,READY,SMALL SAMPLE,PRIOR / SHRINKAGE,DA,0.5589506084,0.5617977528,-0.2847144403,0.5261129654,0.62177875,0.5617977528,0.6795774989,0.6820180335,3,3,48,48,0.05882352941,0.9411764706,0.045,0.5139506084,0.09566578464,0.4410493916,0.4382022472,0.4738870346,0.386358424,0.4183637336,0.4538120373,0.2421101864,0.2696629213,1.776078431,1.357254902,1.203333333,1.413333333
8571624,Voitsberg vs Austria Salzburg,Austria 2. Liga,12,READY,SMALL SAMPLE,PRIOR / SHRINKAGE,DA,0.7578898136,0.7303370787,2.755273491,0.7683212508,0.764579674,0.7303370787,0.7387862347,0.7717940039,3,3,48,48,0.05882352941,0.9411764706,0.045,0.7128898136,0.09566578464,0.4410493916,0.4382022472,0.4738870346,0.386358424,0.4183637336,0.4538120373,0.2421101864,0.2696629213,1.776078431,1.357254902,1.203333333,1.413333333
8571853,Sturm Graz II vs Wacker Innsbruck,Austria 2. Liga,1X,READY,SMALL SAMPLE,PRIOR / SHRINKAGE,DA,0.6463336552,0.5425742574,10.37593978,0.7141761125,0.6144081385,0.5425742574,0.7444667178,0.5593763864,3,3,48,48,0.05882352941,0.9411764706,0.045,0.6013336552,0.1060862118,0.4135149405,0.4574257426,0.4850651596,0.3855918615,0.519852234,0.4406236136,0.2328187147,0.2376237624,1.81627451,1.348431373,1.886666667,1.263333333
8571853,Sturm Graz II vs Wacker Innsbruck,Austria 2. Liga,X2,READY,SMALL SAMPLE,PRIOR / SHRINKAGE,DA,0.5864850595,0.695049505,-10.85644455,0.5149348404,0.6210210522,0.695049505,0.480147766,0.6699354454,3,3,48,48,0.05882352941,0.9411764706,0.045,0.5414850595,0.1060862118,0.4135149405,0.4574257426,0.4850651596,0.3855918615,0.519852234,0.4406236136,0.2328187147,0.2376237624,1.81627451,1.348431373,1.886666667,1.263333333
8571853,Sturm Graz II vs Wacker Innsbruck,Austria 2. Liga,12,READY,SMALL SAMPLE,PRIOR / SHRINKAGE,DA,0.7671812853,0.7623762376,0.4805047685,0.7708890472,0.7645708093,0.7623762376,0.7753855163,0.7706881683,3,3,48,48,0.05882352941,0.9411764706,0.045,0.7221812853,0.1060862118,0.4135149405,0.4574257426,0.4850651596,0.3855918615,0.519852234,0.4406236136,0.2328187147,0.2376237624,1.81627451,1.348431373,1.886666667,1.263333333
8572293,Eintracht Frankfurt vs Freiburg,Germany Bundesliga,1X,READY,SMALL SAMPLE,PRIOR / SHRINKAGE,DA,0.6674289153,0.6544471154,1.298179992,0.7112142075,0.5928401308,0.6544471154,0.4262475027,0.4007357777,1,1,27,27,0.03571428571,0.9642857143,0.045,0.6224289153,0.1253716115,0.4539623491,0.4056490385,0.5118573231,0.4071598692,0.5737524973,0.5992642223,0.2134665662,0.2487980769,2.294553571,1.709642857,1.2475,2.12
8572293,Eintracht Frankfurt vs Freiburg,Germany Bundesliga,X2,READY,SMALL SAMPLE,PRIOR / SHRINKAGE,DA,0.5460376509,0.5943509615,-4.831331062,0.4881426769,0.6135142884,0.5943509615,0.7806677332,0.786198437,1,1,27,27,0.03571428571,0.9642857143,0.045,0.5010376509,0.1253716115,0.4539623491,0.4056490385,0.5118573231,0.4071598692,0.5737524973,0.5992642223,0.2134665662,0.2487980769,2.294553571,1.709642857,1.2475,2.12
8572293,Eintracht Frankfurt vs Freiburg,Germany Bundesliga,12,READY,SMALL SAMPLE,PRIOR / SHRINKAGE,DA,0.7865334338,0.7512019231,3.53315107,0.8006431156,0.7936455809,0.7512019231,0.7930847642,0.8130657853,1,1,27,27,0.03571428571,0.9642857143,0.045,0.7415334338,0.1253716115,0.4539623491,0.4056490385,0.5118573231,0.4071598692,0.5737524973,0.5992642223,0.2134665662,0.2487980769,2.294553571,1.709642857,1.2475,2.12
8572463,Borussia M'gladbach vs Mainz 05,Germany Bundesliga,1X,READY,SMALL SAMPLE,PRIOR / SHRINKAGE,DA,0.6449480652,0.5794465783,6.550148685,0.7053494112,0.5896468601,0.5794465783,0.305536081,0.33392293,1,1,27,27,0.03571428571,0.9642857143,0.045,0.5999480652,0.123535349,0.4302721434,0.4205534217,0.5065942196,0.4103531399,0.694463919,0.66607707,0.2146759218,0.2546053147,2.305892857,1.747589286,1.565,3.1825
8572463,Borussia M'gladbach vs Mainz 05,Germany Bundesliga,X2,READY,SMALL SAMPLE,PRIOR / SHRINKAGE,DA,0.5697278566,0.6751587364,-10.54308797,0.4934057804,0.6169411294,0.6751587364,0.84129152,0.8403980402,1,1,27,27,0.03571428571,0.9642857143,0.045,0.5247278566,0.123535349,0.4302721434,0.4205534217,0.5065942196,0.4103531399,0.694463919,0.66607707,0.2146759218,0.2546053147,2.305892857,1.747589286,1.565,3.1825
8572463,Borussia M'gladbach vs Mainz 05,Germany Bundesliga,12,READY,SMALL SAMPLE,PRIOR / SHRINKAGE,DA,0.7853240782,0.7453946853,3.992939289,0.8012448084,0.7934120105,0.7453946853,0.853172399,0.8256790299,1,1,27,27,0.03571428571,0.9642857143,0.045,0.7403240782,0.123535349,0.4302721434,0.4205534217,0.5065942196,0.4103531399,0.694463919,0.66607707,0.2146759218,0.2546053147,2.305892857,1.747589286,1.565,3.1825
8572520,Werder Bremen vs Augsburg,Germany Bundesliga,1X,READY,SMALL SAMPLE,PRIOR / SHRINKAGE,DA,0.6722246773,0.6639536704,0.827100695,0.7140952241,0.5967545908,0.6639536704,0.5478520068,0.4765119738,1,1,27,27,0.03571428571,0.9642857143,0.045,0.6272246773,0.1258611722,0.4596914202,0.4163405854,0.5160954225,0.4032454092,0.4521479932,0.5234880262,0.2125332571,0.247613085,2.321160714,1.714910714,1.9925,2.2675
8572520,Werder Bremen vs Augsburg,Germany Bundesliga,X2,READY,SMALL SAMPLE,PRIOR / SHRINKAGE,DA,0.5403085798,0.5836594146,-4.335083482,0.4839045775,0.6097657497,0.5836594146,0.6506360977,0.7264641793,1,1,27,27,0.03571428571,0.9642857143,0.045,0.4953085798,0.1258611722,0.4596914202,0.4163405854,0.5160954225,0.4032454092,0.4521479932,0.5234880262,0.2125332571,0.247613085,2.321160714,1.714910714,1.9925,2.2675
8572520,Werder Bremen vs Augsburg,Germany Bundesliga,12,READY,SMALL SAMPLE,PRIOR / SHRINKAGE,DA,0.7874667429,0.752386915,3.507982787,0.8020001985,0.7934796595,0.752386915,0.8015118954,0.7970238469,1,1,27,27,0.03571428571,0.9642857143,0.045,0.7424667429,0.1258611722,0.4596914202,0.4163405854,0.5160954225,0.4032454092,0.4521479932,0.5234880262,0.2125332571,0.247613085,2.321160714,1.714910714,1.9925,2.2675
8572526,Hamburger SV vs Köln,Germany Bundesliga,1X,READY,SMALL SAMPLE,PRIOR / SHRINKAGE,DA,0.6588142116,0.6176887844,4.112542715,0.7122823094,0.5930034431,0.6176887844,0.4890890456,0.3984854869,1,1,27,27,0.03571428571,0.9642857143,0.045,0.6138142116,0.1276147269,0.442923346,0.3823112156,0.5139344495,0.4069965569,0.5109109544,0.6015145131,0.2158908655,0.2601840217,2.314375,1.719017857,1.8025,2.3825
8572526,Hamburger SV vs Köln,Germany Bundesliga,X2,READY,SMALL SAMPLE,PRIOR / SHRINKAGE,DA,0.557076654,0.6424952373,-8.541858337,0.4860655505,0.6136802775,0.6424952373,0.7059106987,0.7935387776,1,1,27,27,0.03571428571,0.9642857143,0.045,0.512076654,0.1276147269,0.442923346,0.3823112156,0.5139344495,0.4069965569,0.5109109544,0.6015145131,0.2158908655,0.2601840217,2.314375,1.719017857,1.8025,2.3825
8572526,Hamburger SV vs Köln,Germany Bundesliga,12,READY,SMALL SAMPLE,PRIOR / SHRINKAGE,DA,0.7841091345,0.7398159783,4.429315622,0.8016521401,0.7933162795,0.7398159783,0.8050002557,0.8079757355,1,1,27,27,0.03571428571,0.9642857143,0.045,0.7391091345,0.1276147269,0.442923346,0.3823112156,0.5139344495,0.4069965569,0.5109109544,0.6015145131,0.2158908655,0.2601840217,2.314375,1.719017857,1.8025,2.3825
8411810,Kristiansund vs Rosenborg,Norway Eliteserien,1X,READY,VERIFIED,,NU,0.5652344426,0.3842724751,18.09619675,0.6758778692,0.5249095567,0.3842724751,0.6758778692,0.5249095567,9,9,160,160,1,0,0.025,0.5402344426,0.1509683125,0.4347655574,0.6157275249,0.4281799867,0.4750904433,0.4281799867,0.4750904433,0.2341188899,0.2070350193,1.547777778,1.315555556,1.547777778,1.315555556
8411810,Kristiansund vs Rosenborg,Norway Eliteserien,X2,READY,VERIFIED,,NU,0.6688844473,0.8227625442,-15.38780969,0.5718200133,0.7091352185,0.8227625442,0.5718200133,0.7091352185,9,9,160,160,1,0,0.025,0.6438844473,0.1509683125,0.4347655574,0.6157275249,0.4281799867,0.4750904433,0.4281799867,0.4750904433,0.2341188899,0.2070350193,1.547777778,1.315555556,1.547777778,1.315555556
8411810,Kristiansund vs Rosenborg,Norway Eliteserien,12,READY,VERIFIED,,NU,0.7658811101,0.7929649807,-2.708387058,0.7523021175,0.7659552248,0.7929649807,0.7523021175,0.7659552248,9,9,160,160,1,0,0.025,0.7408811101,0.1509683125,0.4347655574,0.6157275249,0.4281799867,0.4750904433,0.4281799867,0.4750904433,0.2341188899,0.2070350193,1.547777778,1.315555556,1.547777778,1.315555556
8557803,Brighton & Hove Albion vs Arsenal,England Premier League,1X,READY,SMALL SAMPLE,PRIOR / SHRINKAGE,DA,0.5962641892,0.4564353603,13.98288289,0.6513214994,0.6259783979,0.4564353603,0.7328324677,0.6424274824,2,2,40,40,0.04761904762,0.9523809524,0.045,0.5512641892,0.02534310147,0.4037358108,0.5435646397,0.400511767,0.3765597698,0.4649744672,0.4083261639,0.2496257618,0.2474649544,1.472261905,1.357380952,1.4175,1.005
8557803,Brighton & Hove Albion vs Arsenal,England Premier League,X2,READY,SMALL SAMPLE,PRIOR / SHRINKAGE,DA,0.6533615726,0.7910295941,-13.76680215,0.599488233,0.6234402302,0.7910295941,0.5350255328,0.5916738361,2,2,40,40,0.04761904762,0.9523809524,0.045,0.6083615726,0.02534310147,0.4037358108,0.5435646397,0.400511767,0.3765597698,0.4649744672,0.4083261639,0.2496257618,0.2474649544,1.472261905,1.357380952,1.4175,1.005
8557803,Brighton & Hove Albion vs Arsenal,England Premier League,12,READY,SMALL SAMPLE,PRIOR / SHRINKAGE,DA,0.7503742382,0.7525350456,-0.2160807412,0.7491902676,0.7505813719,0.7525350456,0.7321419995,0.7658986815,2,2,40,40,0.04761904762,0.9523809524,0.045,0.7053742382,0.02534310147,0.4037358108,0.5435646397,0.400511767,0.3765597698,0.4649744672,0.4083261639,0.2496257618,0.2474649544,1.472261905,1.357380952,1.4175,1.005
8557841,Everton vs Ipswich Town,England Premier League,1X,READY,SMALL SAMPLE,PRIOR / SHRINKAGE,DA,0.6807874218,0.784694166,-10.39067442,0.654152524,0.6301504731,0.784694166,0.7630686387,0.7219111427,2,2,40,40,0.04761904762,0.9523809524,0.045,0.6357874218,0.02657231836,0.4319531987,0.5327281494,0.407218988,0.3806466696,0.5726336876,0.4933077199,0.2488342231,0.2519660166,1.520595238,1.38297619,2.4325,1.5425
8557841,Everton vs Ipswich Town,England Premier League,X2,READY,SMALL SAMPLE,PRIOR / SHRINKAGE,DA,0.5680468013,0.4672718506,10.07749507,0.592781012,0.6193533304,0.4672718506,0.4273663124,0.5066922801,2,2,40,40,0.04761904762,0.9523809524,0.045,0.5230468013,0.02657231836,0.4319531987,0.5327281494,0.407218988,0.3806466696,0.5726336876,0.4933077199,0.2488342231,0.2519660166,1.520595238,1.38297619,2.4325,1.5425
8557841,Everton vs Ipswich Town,England Premier League,12,READY,SMALL SAMPLE,PRIOR / SHRINKAGE,DA,0.7511657769,0.7480339834,0.3131793518,0.7530664639,0.7504961965,0.7480339834,0.809565049,0.7713965771,2,2,40,40,0.04761904762,0.9523809524,0.045,0.7061657769,0.02657231836,0.4319531987,0.5327281494,0.407218988,0.3806466696,0.5726336876,0.4933077199,0.2488342231,0.2519660166,1.520595238,1.38297619,2.4325,1.5425
8557996,Newcastle United vs Hull City,England Premier League,1X,READY,SMALL SAMPLE,PRIOR / SHRINKAGE,DA,0.6799229707,0.8118701008,-13.19471301,0.6430875557,0.6216466708,0.8118701008,0.5574704542,0.5507402381,2,2,40,40,0.04761904762,0.9523809524,0.045,0.6349229707,0.0222740638,0.4366755018,0.5879059351,0.3936900453,0.3783533292,0.4425295458,0.4492597619,0.243247469,0.2239641657,1.47202381,1.390119048,1.4125,1.6925
8557996,Newcastle United vs Hull City,England Premier League,X2,READY,SMALL SAMPLE,PRIOR / SHRINKAGE,DA,0.5633244982,0.4120940649,15.12304333,0.6063099547,0.6285840185,0.4120940649,0.6783740898,0.6957861016,2,2,40,40,0.04761904762,0.9523809524,0.045,0.5183244982,0.0222740638,0.4366755018,0.5879059351,0.3936900453,0.3783533292,0.4425295458,0.4492597619,0.243247469,0.2239641657,1.47202381,1.390119048,1.4125,1.6925
8557996,Newcastle United vs Hull City,England Premier League,12,READY,SMALL SAMPLE,PRIOR / SHRINKAGE,DA,0.756752531,0.7760358343,-1.928330322,0.7506024896,0.7497693107,0.7760358343,0.7641554559,0.7534736603,2,2,40,40,0.04761904762,0.9523809524,0.045,0.711752531,0.0222740638,0.4366755018,0.5879059351,0.3936900453,0.3783533292,0.4425295458,0.4492597619,0.243247469,0.2239641657,1.47202381,1.390119048,1.4125,1.6925
8558393,St. Mirren vs Dundee United,Scotland Premiership,1X,READY,SMALL SAMPLE,PRIOR / SHRINKAGE,DA,0.6294114613,0.6569417099,-2.753024866,0.6126962765,0.6353115822,0.6569417099,0.6877074612,0.6768356507,3,3,36,36,0.07692307692,0.9230769231,0.045,0.5844114613,0.02261530575,0.372062236,0.4071952747,0.3873037235,0.3738310313,0.4685417828,0.4354200631,0.2573492252,0.2497464352,1.303653846,1.376538462,1.9375,1.555
8558393,St. Mirren vs Dundee United,Scotland Premiership,X2,READY,SMALL SAMPLE,PRIOR / SHRINKAGE,DA,0.627937764,0.5928047253,3.513303872,0.646388681,0.6261689687,0.5928047253,0.5314582172,0.5645799369,3,3,36,36,0.07692307692,0.9230769231,0.045,0.582937764,0.02261530575,0.372062236,0.4071952747,0.3873037235,0.3738310313,0.4685417828,0.4354200631,0.2573492252,0.2497464352,1.303653846,1.376538462,1.9375,1.555
8558393,St. Mirren vs Dundee United,Scotland Premiership,12,READY,SMALL SAMPLE,PRIOR / SHRINKAGE,DA,0.7426507748,0.7502535648,-0.7602790057,0.7409150426,0.7385194491,0.7502535648,0.7808343217,0.7585844123,3,3,36,36,0.07692307692,0.9230769231,0.045,0.6976507748,0.02261530575,0.372062236,0.4071952747,0.3873037235,0.3738310313,0.4685417828,0.4354200631,0.2573492252,0.2497464352,1.303653846,1.376538462,1.9375,1.555
8558396,Dundee vs Motherwell,Scotland Premiership,1X,READY,SMALL SAMPLE,PRIOR / SHRINKAGE,DA,0.6068309797,0.5789473684,2.788361133,0.6100044899,0.6283675708,0.5789473684,0.6598211637,0.5912785655,3,3,36,36,0.07692307692,0.9230769231,0.045,0.5618309797,0.01836308093,0.3931690203,0.4210526316,0.3899955101,0.3716324292,0.4243929677,0.4087214345,0.261544327,0.2631578947,1.283076923,1.370320513,1.67,1.474166667
8558396,Dundee vs Motherwell,Scotland Premiership,X2,READY,SMALL SAMPLE,PRIOR / SHRINKAGE,DA,0.6547133473,0.6842105263,-2.949717904,0.6505088691,0.6336251246,0.6842105263,0.5756070323,0.6569661978,3,3,36,36,0.07692307692,0.9230769231,0.045,0.6097133473,0.01836308093,0.3931690203,0.4210526316,0.3899955101,0.3716324292,0.4243929677,0.4087214345,0.261544327,0.2631578947,1.283076923,1.370320513,1.67,1.474166667
8558396,Dundee vs Motherwell,Scotland Premiership,12,READY,SMALL SAMPLE,PRIOR / SHRINKAGE,DA,0.738455673,0.7368421053,0.1613567717,0.7394866411,0.7380073046,0.7368421053,0.7645718039,0.7517552367,3,3,36,36,0.07692307692,0.9230769231,0.045,0.693455673,0.01836308093,0.3931690203,0.4210526316,0.3899955101,0.3716324292,0.4243929677,0.4087214345,0.261544327,0.2631578947,1.283076923,1.370320513,1.67,1.474166667
8558399,Hibernian vs Aberdeen,Scotland Premiership,1X,READY,SMALL SAMPLE,PRIOR / SHRINKAGE,DA,0.6598920073,0.7832282192,-12.33362119,0.6108866816,0.6345664469,0.7832282192,0.6701996303,0.6683722287,3,3,36,36,0.07692307692,0.9230769231,0.045,0.6148920073,0.02367976532,0.4038753866,0.54255596,0.3891133184,0.3726170434,0.4335641554,0.4212005828,0.2560166207,0.2406722592,1.283141026,1.366987179,1.670833333,1.430833333
8558399,Hibernian vs Aberdeen,Scotland Premiership,X2,READY,SMALL SAMPLE,PRIOR / SHRINKAGE,DA,0.5961246134,0.45744404,13.86805734,0.6498357285,0.6273829566,0.45744404,0.5664358446,0.5787994172,3,3,36,36,0.07692307692,0.9230769231,0.045,0.5511246134,0.02367976532,0.4038753866,0.54255596,0.3891133184,0.3726170434,0.4335641554,0.4212005828,0.2560166207,0.2406722592,1.283141026,1.366987179,1.670833333,1.430833333
8558399,Hibernian vs Aberdeen,Scotland Premiership,12,READY,SMALL SAMPLE,PRIOR / SHRINKAGE,DA,0.7439833793,0.7593277408,-1.534436151,0.7392775899,0.7380505965,0.7593277408,0.7633645251,0.7528283541,3,3,36,36,0.07692307692,0.9230769231,0.045,0.6989833793,0.02367976532,0.4038753866,0.54255596,0.3891133184,0.3726170434,0.4335641554,0.4212005828,0.2560166207,0.2406722592,1.283141026,1.366987179,1.670833333,1.430833333
8558485,St. Johnstone vs Falkirk,Scotland Premiership,1X,READY,SMALL SAMPLE,PRIOR / SHRINKAGE,DA,0.6453088748,0.7195955992,-7.428672438,0.6135522332,0.6345354336,0.7195955992,0.7040431819,0.6689317894,3,3,36,36,0.07692307692,0.9230769231,0.045,0.6003088748,0.02098320038,0.3814899865,0.451382694,0.3864477668,0.3716931795,0.4557482709,0.4110494225,0.2638188883,0.2682129051,1.275961538,1.351025641,1.5775,1.223333333
8558485,St. Johnstone vs Falkirk,Scotland Premiership,X2,READY,SMALL SAMPLE,PRIOR / SHRINKAGE,DA,0.6185100135,0.548617306,6.989270757,0.6485579638,0.6283068205,0.548617306,0.5442517291,0.5889505775,3,3,36,36,0.07692307692,0.9230769231,0.045,0.5735100135,0.02098320038,0.3814899865,0.451382694,0.3864477668,0.3716931795,0.4557482709,0.4110494225,0.2638188883,0.2682129051,1.275961538,1.351025641,1.5775,1.223333333
8558485,St. Johnstone vs Falkirk,Scotland Premiership,12,READY,SMALL SAMPLE,PRIOR / SHRINKAGE,DA,0.7361811117,0.7317870949,0.4394016817,0.737889803,0.7371577459,0.7317870949,0.7517050889,0.7421176331,3,3,36,36,0.07692307692,0.9230769231,0.045,0.6911811117,0.02098320038,0.3814899865,0.451382694,0.3864477668,0.3716931795,0.4557482709,0.4110494225,0.2638188883,0.2682129051,1.275961538,1.351025641,1.5775,1.223333333
8562315,OH Leuven vs RAAL La Louvière,Belgium Pro League,1X,CRITICAL MISSING,SMALL SAMPLE,PRIOR / SHRINKAGE,DA,,,,0.70789952,0.6186497711,,0.7306507128,0.5819336146,3,3,54,54,0.05263157895,0.9473684211,0.045,,0.09474801333,,,0.4720496739,0.3813502289,0.4978825111,0.4180663854,,,1.725175439,1.311096491,1.778333333,1.250833333
8562315,OH Leuven vs RAAL La Louvière,Belgium Pro League,X2,CRITICAL MISSING,SMALL SAMPLE,PRIOR / SHRINKAGE,DA,,,,0.5279503261,0.6226983394,,0.5021174889,0.6588812314,3,3,54,54,0.05263157895,0.9473684211,0.045,,0.09474801333,,,0.4720496739,0.3813502289,0.4978825111,0.4180663854,,,1.725175439,1.311096491,1.778333333,1.250833333
8562315,OH Leuven vs RAAL La Louvière,Belgium Pro League,12,CRITICAL MISSING,SMALL SAMPLE,PRIOR / SHRINKAGE,DA,,,,0.7641501539,0.7586518895,,0.7672317983,0.759185154,3,3,54,54,0.05263157895,0.9473684211,0.045,,0.09474801333,,,0.4720496739,0.3813502289,0.4978825111,0.4180663854,,,1.725175439,1.311096491,1.778333333,1.250833333
8566220,Queens Park Rangers vs Preston North End,England Championship,1X,READY,SMALL SAMPLE,PRIOR / SHRINKAGE,DA,0.7104366645,0.7884115579,-7.79748934,0.7115614717,0.6302121567,0.7884115579,0.7608639948,0.7437480293,3,3,83,83,0.03488372093,0.9651162791,0.045,0.6654366645,0.08655616701,0.4651080747,0.5503745605,0.4655379685,0.3789818014,0.4980086521,0.4896326803,0.2453285898,0.2380369974,1.609917636,1.215402132,1.480833333,0.9383333333
8566220,Queens Park Rangers vs Preston North End,England Championship,X2,READY,SMALL SAMPLE,PRIOR / SHRINKAGE,DA,0.5348919253,0.4496254395,8.526648576,0.5344620315,0.6210181986,0.4496254395,0.5019913479,0.5103673197,3,3,83,83,0.03488372093,0.9651162791,0.045,0.4898919253,0.08655616701,0.4651080747,0.5503745605,0.4655379685,0.3789818014,0.4980086521,0.4896326803,0.2453285898,0.2380369974,1.609917636,1.215402132,1.480833333,0.9383333333
8566220,Queens Park Rangers vs Preston North End,England Championship,12,READY,SMALL SAMPLE,PRIOR / SHRINKAGE,DA,0.7546714102,0.7619630026,-0.7291592367,0.7539764968,0.7487696447,0.7619630026,0.7371446573,0.745884651,3,3,83,83,0.03488372093,0.9651162791,0.045,0.7096714102,0.08655616701,0.4651080747,0.5503745605,0.4655379685,0.3789818014,0.4980086521,0.4896326803,0.2453285898,0.2380369974,1.609917636,1.215402132,1.480833333,0.9383333333
8566378,Birmingham City vs Middlesbrough,England Championship,1X,READY,SMALL SAMPLE,PRIOR / SHRINKAGE,DA,0.6575123873,0.5935483871,6.396400025,0.7066874032,0.6231263559,0.5935483871,0.613047386,0.5709375889,3,3,83,83,0.03488372093,0.9651162791,0.045,0.6125123873,0.08796448142,0.4070537941,0.4064516129,0.4607695634,0.3768736441,0.386952614,0.4290624111,0.2504585932,0.2596774194,1.606283915,1.232698643,1.376666667,1.434166667
8566378,Birmingham City vs Middlesbrough,England Championship,X2,READY,SMALL SAMPLE,PRIOR / SHRINKAGE,DA,0.5929462059,0.6661290323,-7.318282637,0.5392304366,0.627194918,0.6661290323,0.6390780603,0.6683226863,3,3,83,83,0.03488372093,0.9651162791,0.045,0.5479462059,0.08796448142,0.4070537941,0.4064516129,0.4607695634,0.3768736441,0.386952614,0.4290624111,0.2504585932,0.2596774194,1.606283915,1.232698643,1.376666667,1.434166667
8566378,Birmingham City vs Middlesbrough,England Championship,12,READY,SMALL SAMPLE,PRIOR / SHRINKAGE,DA,0.7495414068,0.7403225806,0.9218826119,0.7540821602,0.749678726,0.7403225806,0.7478745537,0.7607397248,3,3,83,83,0.03488372093,0.9651162791,0.045,0.7045414068,0.08796448142,0.4070537941,0.4064516129,0.4607695634,0.3768736441,0.386952614,0.4290624111,0.2504585932,0.2596774194,1.606283915,1.232698643,1.376666667,1.434166667
8566442,Lincoln City vs Swansea City,England Championship,1X,READY,SMALL SAMPLE,PRIOR / SHRINKAGE,DA,0.6613957302,0.6147308782,4.666485204,0.7042795028,0.6222930372,0.6147308782,0.5347964496,0.5422521367,3,3,83,83,0.03488372093,0.9651162791,0.045,0.6163957302,0.08730315154,0.405939371,0.3852691218,0.4579833846,0.3777069628,0.4652035504,0.4577478633,0.2554563593,0.2776203966,1.599597868,1.237814922,1.185,1.580833333
8566442,Lincoln City vs Swansea City,England Championship,X2,READY,SMALL SAMPLE,PRIOR / SHRINKAGE,DA,0.594060629,0.6628895184,-6.882888937,0.5420166154,0.6293197669,0.6628895184,0.7141459174,0.7268755998,3,3,83,83,0.03488372093,0.9651162791,0.045,0.549060629,0.08730315154,0.405939371,0.3852691218,0.4579833846,0.3777069628,0.4652035504,0.4577478633,0.2554563593,0.2776203966,1.599597868,1.237814922,1.185,1.580833333
8566442,Lincoln City vs Swansea City,England Championship,12,READY,SMALL SAMPLE,PRIOR / SHRINKAGE,DA,0.7445436407,0.7223796034,2.216403733,0.7537038818,0.7483871958,0.7223796034,0.7510576331,0.7308722635,3,3,83,83,0.03488372093,0.9651162791,0.045,0.6995436407,0.08730315154,0.405939371,0.3852691218,0.4579833846,0.3777069628,0.4652035504,0.4577478633,0.2554563593,0.2776203966,1.599597868,1.237814922,1.185,1.580833333
8566656,Wrexham vs Southampton,England Championship,1X,READY,SMALL SAMPLE,PRIOR / SHRINKAGE,DA,0.6522425326,0.5734597156,7.878281691,0.707503807,0.6205028006,0.5734597156,0.6366029463,0.5053026417,3,3,83,83,0.03488372093,0.9651162791,0.045,0.6072425326,0.09126667006,0.4014366624,0.4265402844,0.4614057037,0.3794971994,0.3761559391,0.4946973583,0.2508058702,0.2606635071,1.605121124,1.228570736,1.343333333,1.315833333
8566656,Wrexham vs Southampton,England Championship,X2,READY,SMALL SAMPLE,PRIOR / SHRINKAGE,DA,0.5985633376,0.6872037915,-8.864045387,0.5385942963,0.6298609663,0.6872037915,0.6238440609,0.7282942593,3,3,83,83,0.03488372093,0.9651162791,0.045,0.5535633376,0.09126667006,0.4014366624,0.4265402844,0.4614057037,0.3794971994,0.3761559391,0.4946973583,0.2508058702,0.2606635071,1.605121124,1.228570736,1.343333333,1.315833333
8566656,Wrexham vs Southampton,England Championship,12,READY,SMALL SAMPLE,PRIOR / SHRINKAGE,DA,0.7491941298,0.7393364929,0.9857636956,0.7539018967,0.7496362331,0.7393364929,0.7395529928,0.766403099,3,3,83,83,0.03488372093,0.9651162791,0.045,0.7041941298,0.09126667006,0.4014366624,0.4265402844,0.4614057037,0.3794971994,0.3761559391,0.4946973583,0.2508058702,0.2606635071,1.605121124,1.228570736,1.343333333,1.315833333
8566661,Burnley vs Derby County,England Championship,1X,READY,SMALL SAMPLE,PRIOR / SHRINKAGE,DA,0.7041307485,0.7723754713,-6.824472278,0.7092008874,0.625745748,0.7723754713,0.6897625925,0.6343613453,3,3,83,83,0.03488372093,0.9651162791,0.045,0.6591307485,0.08815562492,0.4541783409,0.5139908712,0.4636260392,0.3754704142,0.4411926408,0.3947026434,0.2499524076,0.2583846001,1.612592054,1.22685562,1.5575,1.266666667
8566661,Burnley vs Derby County,England Championship,X2,READY,SMALL SAMPLE,PRIOR / SHRINKAGE,DA,0.5458216591,0.4860091288,5.981253026,0.5363739608,0.6245295858,0.4860091288,0.5588073592,0.6052973566,3,3,83,83,0.03488372093,0.9651162791,0.045,0.5008216591,0.08815562492,0.4541783409,0.5139908712,0.4636260392,0.3754704142,0.4411926408,0.3947026434,0.2499524076,0.2583846001,1.612592054,1.22685562,1.5575,1.266666667
8566661,Burnley vs Derby County,England Championship,12,READY,SMALL SAMPLE,PRIOR / SHRINKAGE,DA,0.7500475924,0.7416153999,0.8432192524,0.7544251518,0.7497246662,0.7416153999,0.7514300484,0.7603412981,3,3,83,83,0.03488372093,0.9651162791,0.045,0.7050475924,0.08815562492,0.4541783409,0.5139908712,0.4636260392,0.3754704142,0.4411926408,0.3947026434,0.2499524076,0.2583846001,1.612592054,1.22685562,1.5575,1.266666667
8566682,Portsmouth vs Blackburn Rovers,England Championship,1X,READY,SMALL SAMPLE,PRIOR / SHRINKAGE,DA,0.6890234119,0.7147317073,-2.570829542,0.7077063224,0.6259492955,0.7147317073,0.6440093461,0.6401839471,3,3,83,83,0.03488372093,0.9651162791,0.045,0.6440234119,0.08665344956,0.4341522901,0.4378536585,0.4618029838,0.3751495342,0.3887474913,0.3879334045,0.2548711218,0.2768780488,1.607475775,1.22938469,1.410833333,1.339166667
8566682,Portsmouth vs Blackburn Rovers,England Championship,X2,READY,SMALL SAMPLE,PRIOR / SHRINKAGE,DA,0.5658477099,0.5621463415,0.3701368442,0.5381970162,0.6248504658,0.5621463415,0.6112525087,0.6120665955,3,3,83,83,0.03488372093,0.9651162791,0.045,0.5208477099,0.08665344956,0.4341522901,0.4378536585,0.4618029838,0.3751495342,0.3887474913,0.3879334045,0.2548711218,0.2768780488,1.607475775,1.22938469,1.410833333,1.339166667
8566682,Portsmouth vs Blackburn Rovers,England Championship,12,READY,SMALL SAMPLE,PRIOR / SHRINKAGE,DA,0.7451288782,0.7231219512,2.200692697,0.7540966614,0.7492002388,0.7231219512,0.7447381452,0.7477494574,3,3,83,83,0.03488372093,0.9651162791,0.045,0.7001288782,0.08665344956,0.4341522901,0.4378536585,0.4618029838,0.3751495342,0.3887474913,0.3879334045,0.2548711218,0.2768780488,1.607475775,1.22938469,1.410833333,1.339166667
8583488,Kocaelispor vs Gaziantep FK,Turkey Süper Lig,1X,READY,SMALL SAMPLE,PRIOR / SHRINKAGE,DA,0.6807899834,0.7201710066,-3.938102316,0.6894399904,0.6241089464,0.7201710066,0.637447703,0.6105475426,2,2,45,45,0.04255319149,0.9574468085,0.045,0.6357899834,0.06896753333,0.4201129019,0.4228527011,0.4421888133,0.3758910536,0.3731081161,0.3894524574,0.2606770815,0.2973183055,1.571595745,1.278085106,1.3075,1.285
8583488,Kocaelispor vs Gaziantep FK,Turkey Süper Lig,X2,READY,SMALL SAMPLE,PRIOR / SHRINKAGE,DA,0.5798870981,0.5771472989,0.2739799224,0.5578111867,0.6267787201,0.5771472989,0.6268918839,0.6650178394,2,2,45,45,0.04255319149,0.9574468085,0.045,0.5348870981,0.06896753333,0.4201129019,0.4228527011,0.4421888133,0.3758910536,0.3731081161,0.3894524574,0.2606770815,0.2973183055,1.571595745,1.278085106,1.3075,1.285
8583488,Kocaelispor vs Gaziantep FK,Turkey Süper Lig,12,READY,SMALL SAMPLE,PRIOR / SHRINKAGE,DA,0.7393229185,0.7026816945,3.664122393,0.7527488229,0.7491123335,0.7026816945,0.7356604131,0.724434618,2,2,45,45,0.04255319149,0.9574468085,0.045,0.6943229185,0.06896753333,0.4201129019,0.4228527011,0.4421888133,0.3758910536,0.3731081161,0.3894524574,0.2606770815,0.2973183055,1.571595745,1.278085106,1.3075,1.285
8583537,Çorum Belediyespor vs Alanyaspor,Turkey Süper Lig,1X,READY,SMALL SAMPLE,PRIOR / SHRINKAGE,DA,0.6868351127,0.7283129965,-4.147788381,0.6964985563,0.6260303414,0.7283129965,0.8046939734,0.6465048638,2,3,45,45,0.04255319149,0.9574468085,0.045,0.6418351127,0.0718706934,0.428880068,0.4404058733,0.4489950307,0.3771243373,0.5446901973,0.4109567751,0.2579550446,0.2879071232,1.577549867,1.253802083,1.515,0.79
8583537,Çorum Belediyespor vs Alanyaspor,Turkey Süper Lig,X2,READY,SMALL SAMPLE,PRIOR / SHRINKAGE,DA,0.571119932,0.5595941267,1.15258053,0.5510049693,0.6228756627,0.5595941267,0.4553098027,0.5890432249,2,3,45,45,0.04255319149,0.9574468085,0.045,0.526119932,0.0718706934,0.428880068,0.4404058733,0.4489950307,0.3771243373,0.5446901973,0.4109567751,0.2579550446,0.2879071232,1.577549867,1.253802083,1.515,0.79
8583537,Çorum Belediyespor vs Alanyaspor,Turkey Süper Lig,12,READY,SMALL SAMPLE,PRIOR / SHRINKAGE,DA,0.7420449554,0.7120928768,2.995207851,0.7524964744,0.7510939959,0.7120928768,0.7399962239,0.7644519113,2,3,45,45,0.04255319149,0.9574468085,0.045,0.6970449554,0.0718706934,0.428880068,0.4404058733,0.4489950307,0.3771243373,0.5446901973,0.4109567751,0.2579550446,0.2879071232,1.577549867,1.253802083,1.515,0.79
8697515,BSK Banja Luka vs Radnik Bijeljina,Bosnia and Herzegovina Premier League of Bosnia,1X,READY,SMALL SAMPLE,PRIOR / SHRINKAGE,DA,0.7204184883,0.7195467422,0.08717460654,0.7612508496,0.6396255117,0.7195467422,0.737231618,0.6673537778,3,4,35,35,0.07894736842,0.9210526316,0.045,0.6754184883,0.1336669312,0.4453221492,0.4079320113,0.5023411723,0.3686742411,0.4902351619,0.4184780126,0.275096339,0.3116147309,1.515796221,0.9577564103,1.619166667,1.1175
8697515,BSK Banja Luka vs Radnik Bijeljina,Bosnia and Herzegovina Premier League of Bosnia,X2,READY,SMALL SAMPLE,PRIOR / SHRINKAGE,DA,0.5546778508,0.5920679887,-3.739013792,0.4976588277,0.6313257589,0.5920679887,0.5097648381,0.5815219874,3,4,35,35,0.07894736842,0.9210526316,0.045,0.5096778508,0.1336669312,0.4453221492,0.4079320113,0.5023411723,0.3686742411,0.4902351619,0.4184780126,0.275096339,0.3116147309,1.515796221,0.9577564103,1.619166667,1.1175
8697515,BSK Banja Luka vs Radnik Bijeljina,Bosnia and Herzegovina Premier League of Bosnia,12,READY,SMALL SAMPLE,PRIOR / SHRINKAGE,DA,0.724903661,0.6883852691,3.651839185,0.7410903227,0.7290487294,0.6883852691,0.7530035439,0.7511242347,3,4,35,35,0.07894736842,0.9210526316,0.045,0.679903661,0.1336669312,0.4453221492,0.4079320113,0.5023411723,0.3686742411,0.4902351619,0.4184780126,0.275096339,0.3116147309,1.515796221,0.9577564103,1.619166667,1.1175
8710036,VPS vs KuPS,Finland Veikkausliiga,1X,READY,VERIFIED,,NU,0.5964946636,0.5866215708,0.9873092771,0.607563187,0.5842307096,0.5866215708,0.607563187,0.5842307096,12,12,144,144,1,0,0.025,0.5714946636,0.02333247739,0.4035053364,0.4133784292,0.392436813,0.4157692904,0.392436813,0.4157692904,0.2639715878,0.2793436052,1.291666667,1.386666667,1.291666667,1.386666667
8710036,VPS vs KuPS,Finland Veikkausliiga,X2,READY,VERIFIED,,NU,0.6674769241,0.6927220343,-2.524511018,0.6514854412,0.6742147799,0.6927220343,0.6514854412,0.6742147799,12,12,144,144,1,0,0.025,0.6424769241,0.02333247739,0.4035053364,0.4133784292,0.392436813,0.4157692904,0.392436813,0.4157692904,0.2639715878,0.2793436052,1.291666667,1.386666667,1.291666667,1.386666667
8710036,VPS vs KuPS,Finland Veikkausliiga,12,READY,VERIFIED,,NU,0.7360284122,0.7206563948,1.537201741,0.7409513718,0.7415545105,0.7206563948,0.7409513718,0.7415545105,12,12,144,144,1,0,0.025,0.7110284122,0.02333247739,0.4035053364,0.4133784292,0.392436813,0.4157692904,0.392436813,0.4157692904,0.2639715878,0.2793436052,1.291666667,1.386666667,1.291666667,1.386666667
8711552,KR vs Víkingur Reykjavík,Iceland Úrvalsdeild,1X,READY,VERIFIED,,NU,0.5793112816,0.5561875057,2.312377586,0.6053181955,0.5504212296,0.5561875057,0.6053181955,0.5504212296,12,11,138,138,1,0,0.025,0.5543112816,0.05489696597,0.4206887184,0.4438124943,0.4059727598,0.4495787704,0.4059727598,0.4495787704,0.2072365659,0.2327309421,2.158333333,2.128106061,2.158333333,2.128106061
8711552,KR vs Víkingur Reykjavík,Iceland Úrvalsdeild,X2,READY,VERIFIED,,NU,0.6279252843,0.6765434364,-4.861815207,0.5940272402,0.6471032205,0.6765434364,0.5940272402,0.6471032205,12,11,138,138,1,0,0.025,0.6029252843,0.05489696597,0.4206887184,0.4438124943,0.4059727598,0.4495787704,0.4059727598,0.4495787704,0.2072365659,0.2327309421,2.158333333,2.128106061,2.158333333,2.128106061
8711552,KR vs Víkingur Reykjavík,Iceland Úrvalsdeild,12,READY,VERIFIED,,NU,0.7927634341,0.7672690579,2.549437622,0.8006545643,0.8024755499,0.7672690579,0.8006545643,0.8024755499,12,11,138,138,1,0,0.025,0.7677634341,0.05489696597,0.4206887184,0.4438124943,0.4059727598,0.4495787704,0.4059727598,0.4495787704,0.2072365659,0.2327309421,2.158333333,2.128106061,2.158333333,2.128106061
8570452,Athletic Club Bilbao vs Deportivo Alavés,Spain La Liga,1X,READY,SMALL SAMPLE,PRIOR / SHRINKAGE,DA,0.7121210187,0.8117595437,-9.963852499,0.709105166,0.6185141989,0.8117595437,0.6766815773,0.571936237,3,2,57,57,0.05,0.95,0.045,0.6671210187,0.09627570429,0.4727306436,0.5704256253,0.4722575512,0.3814858011,0.4255714805,0.428063763,0.239390375,0.2413339184,1.713962994,1.298088065,1.511666667,1.285833333
8570452,Athletic Club Bilbao vs Deportivo Alavés,Spain La Liga,X2,READY,SMALL SAMPLE,PRIOR / SHRINKAGE,DA,0.5272693564,0.4295743747,9.769498164,0.5277424488,0.6240181531,0.4295743747,0.5744285195,0.6793945489,3,2,57,57,0.05,0.95,0.045,0.4822693564,0.09627570429,0.4727306436,0.5704256253,0.4722575512,0.3814858011,0.4255714805,0.428063763,0.239390375,0.2413339184,1.713962994,1.298088065,1.511666667,1.285833333
8570452,Athletic Club Bilbao vs Deportivo Alavés,Spain La Liga,12,READY,SMALL SAMPLE,PRIOR / SHRINKAGE,DA,0.760609625,0.7586660816,0.1943543352,0.7631523852,0.757467648,0.7586660816,0.7488899032,0.7486692141,3,2,57,57,0.05,0.95,0.045,0.715609625,0.09627570429,0.4727306436,0.5704256253,0.4722575512,0.3814858011,0.4255714805,0.428063763,0.239390375,0.2413339184,1.713962994,1.298088065,1.511666667,1.285833333
8584400,FC Andorra vs Sporting Gijón,Spain Segunda División,1X,READY,SMALL SAMPLE,PRIOR / SHRINKAGE,DA,0.6783566521,0.7302904564,-5.193380431,0.6704876973,0.6421607574,0.7302904564,0.7427422206,0.6993498403,3,1,55,55,0.05172413793,0.9482758621,0.045,0.6333566521,0.03032824944,0.4020620587,0.4564315353,0.3940483163,0.3637200669,0.4840752457,0.4324726566,0.2762945934,0.2738589212,1.262172106,1.129236453,1.5075,1.024166667
8584400,FC Andorra vs Sporting Gijón,Spain Segunda División,X2,READY,SMALL SAMPLE,PRIOR / SHRINKAGE,DA,0.5979379413,0.5435684647,5.436947656,0.6059516837,0.6362799331,0.5435684647,0.5159247543,0.5675273434,3,1,55,55,0.05172413793,0.9482758621,0.045,0.5529379413,0.03032824944,0.4020620587,0.4564315353,0.3940483163,0.3637200669,0.4840752457,0.4324726566,0.2762945934,0.2738589212,1.262172106,1.129236453,1.5075,1.024166667
8584400,FC Andorra vs Sporting Gijón,Spain Segunda División,12,READY,SMALL SAMPLE,PRIOR / SHRINKAGE,DA,0.7237054066,0.7261410788,-0.2435672249,0.723560619,0.7215593095,0.7261410788,0.7413330251,0.7331228163,3,1,55,55,0.05172413793,0.9482758621,0.045,0.6787054066,0.03032824944,0.4020620587,0.4564315353,0.3940483163,0.3637200669,0.4840752457,0.4324726566,0.2762945934,0.2738589212,1.262172106,1.129236453,1.5075,1.024166667
8547612,ADO Den Haag vs Cambuur,Netherlands Eredivisie,1X,READY,SMALL SAMPLE,PRIOR / SHRINKAGE,DA,0.5966381153,0.768583308,-17.19451927,0.5076976707,0.6025738116,0.768583308,0.5277264395,0.5702964611,2,2,54,54,0.03571428571,0.9642857143,0.045,0.5516381153,0.09487614088,0.4033618847,0.5536963797,0.4923023293,0.3974261884,0.4722735605,0.4297035389,0.2076864377,0.2148869283,1.725625,2.213214286,1.6825,2.075
8547612,ADO Den Haag vs Cambuur,Netherlands Eredivisie,X2,READY,SMALL SAMPLE,PRIOR / SHRINKAGE,DA,0.6110483225,0.4463036203,16.47447021,0.6956827652,0.6065241392,0.4463036203,0.6827712332,0.6484126419,2,2,54,54,0.03571428571,0.9642857143,0.045,0.5660483225,0.09487614088,0.4033618847,0.5536963797,0.4923023293,0.3974261884,0.4722735605,0.4297035389,0.2076864377,0.2148869283,1.725625,2.213214286,1.6825,2.075
8547612,ADO Den Haag vs Cambuur,Netherlands Eredivisie,12,READY,SMALL SAMPLE,PRIOR / SHRINKAGE,DA,0.7923135623,0.7851130717,0.7200490561,0.7966195641,0.7909020492,0.7851130717,0.7895023273,0.781290897,2,2,54,54,0.03571428571,0.9642857143,0.045,0.7473135623,0.09487614088,0.4033618847,0.5536963797,0.4923023293,0.3974261884,0.4722735605,0.4297035389,0.2076864377,0.2148869283,1.725625,2.213214286,1.6825,2.075
8550076,Vitesse vs PSV II,Netherlands Eerste Divisie,1X,READY,SMALL SAMPLE,PRIOR / SHRINKAGE,DA,0.676271487,0.8027060771,-12.64345901,0.6477783922,0.6068230865,0.8027060771,0.6695517534,0.6296545574,3,3,64,64,0.0447761194,0.9552238806,0.045,0.631271487,0.04225302669,0.4668201914,0.6010278447,0.4361686492,0.3939156225,0.4421819703,0.3972395246,0.2094512956,0.2016782323,2.00988806,1.796873134,1.794166667,1.5275
8550076,Vitesse vs PSV II,Netherlands Eerste Divisie,X2,READY,SMALL SAMPLE,PRIOR / SHRINKAGE,DA,0.5331798086,0.3989721553,13.42076533,0.5638313508,0.6060843775,0.3989721553,0.5578180297,0.6027604754,3,3,64,64,0.0447761194,0.9552238806,0.045,0.4881798086,0.04225302669,0.4668201914,0.6010278447,0.4361686492,0.3939156225,0.4421819703,0.3972395246,0.2094512956,0.2016782323,2.00988806,1.796873134,1.794166667,1.5275
8550076,Vitesse vs PSV II,Netherlands Eerste Divisie,12,READY,SMALL SAMPLE,PRIOR / SHRINKAGE,DA,0.7905487044,0.7983217677,-0.7773063258,0.788390257,0.787092536,0.7983217677,0.7726302169,0.7675849672,3,3,64,64,0.0447761194,0.9552238806,0.045,0.7455487044,0.04225302669,0.4668201914,0.6010278447,0.4361686492,0.3939156225,0.4421819703,0.3972395246,0.2094512956,0.2016782323,2.00988806,1.796873134,1.794166667,1.5275
8574337,CD Nacional vs Famalicão,Portugal Liga NOS,1X,READY,SMALL SAMPLE,PRIOR / SHRINKAGE,DA,0.602426021,0.5406436792,6.17823418,0.6219318288,0.6251967472,0.5406436792,0.6422483403,0.5874871234,3,3,53,53,0.05357142857,0.9464285714,0.045,0.557426021,0.003264918342,0.397573979,0.4593563208,0.3780681712,0.3748032528,0.3905359345,0.4125128766,0.2614064844,0.2819402568,1.374017857,1.396949405,1.445,1.3725
8574337,CD Nacional vs Famalicão,Portugal Liga NOS,X2,READY,SMALL SAMPLE,PRIOR / SHRINKAGE,DA,0.6589804634,0.7412965776,-8.231611414,0.6323800923,0.6298650917,0.7412965776,0.6094640655,0.6773711543,3,3,53,53,0.05357142857,0.9464285714,0.045,0.6139804634,0.003264918342,0.397573979,0.4593563208,0.3780681712,0.3748032528,0.3905359345,0.4125128766,0.2614064844,0.2819402568,1.374017857,1.396949405,1.445,1.3725
8574337,CD Nacional vs Famalicão,Portugal Liga NOS,12,READY,SMALL SAMPLE,PRIOR / SHRINKAGE,DA,0.7385935156,0.7180597432,2.053377233,0.7456880789,0.7449381612,0.7180597432,0.7482875942,0.7351417223,3,3,53,53,0.05357142857,0.9464285714,0.045,0.6935935156,0.003264918342,0.397573979,0.4593563208,0.3780681712,0.3748032528,0.3905359345,0.4125128766,0.2614064844,0.2819402568,1.374017857,1.396949405,1.445,1.3725
8574412,Gil Vicente vs CS Marítimo,Portugal Liga NOS,1X,READY,SMALL SAMPLE,PRIOR / SHRINKAGE,DA,0.6627510529,0.7604347364,-9.768368349,0.6298864143,0.6307966466,0.7604347364,0.7838634914,0.6993277505,3,3,53,53,0.05357142857,0.9464285714,0.045,0.6177510529,0.0009102323122,0.3998856452,0.4743866605,0.3748294292,0.375497062,0.5364595509,0.426827739,0.2628654077,0.2860480759,1.383794643,1.373467262,1.6275,0.9341666667
8574412,Gil Vicente vs CS Marítimo,Portugal Liga NOS,X2,READY,SMALL SAMPLE,PRIOR / SHRINKAGE,DA,0.6001143548,0.5256133395,7.450101532,0.6251705708,0.624502938,0.5256133395,0.4635404491,0.573172261,3,3,53,53,0.05357142857,0.9464285714,0.045,0.5551143548,0.0009102323122,0.3998856452,0.4743866605,0.3748294292,0.375497062,0.5364595509,0.426827739,0.2628654077,0.2860480759,1.383794643,1.373467262,1.6275,0.9341666667
8574412,Gil Vicente vs CS Marítimo,Portugal Liga NOS,12,READY,SMALL SAMPLE,PRIOR / SHRINKAGE,DA,0.7371345923,0.7139519241,2.318266817,0.7449430148,0.7447004153,0.7139519241,0.7525960595,0.7274999885,3,3,53,53,0.05357142857,0.9464285714,0.045,0.6921345923,0.0009102323122,0.3998856452,0.4743866605,0.3748294292,0.375497062,0.5364595509,0.426827739,0.2628654077,0.2860480759,1.383794643,1.373467262,1.6275,0.9341666667
8579597,CFR Cluj vs Botoşani,Romania Liga I,1X,READY,SMALL SAMPLE,PRIOR / SHRINKAGE,DA,0.7501009318,0.724137931,2.596300076,0.8220391751,0.632187446,0.724137931,0.7988387307,0.6023800666,3,5,71,71,0.04054054054,0.9594594595,0.045,0.7051009318,0.2199224862,0.4959789124,0.4482758621,0.5851874245,0.367812554,0.5628377418,0.3976199334,0.2541220194,0.275862069,1.713545075,0.8238810233,1.7375,0.935
8579597,CFR Cluj vs Botoşani,Romania Liga I,X2,READY,SMALL SAMPLE,PRIOR / SHRINKAGE,DA,0.5040210876,0.5517241379,-4.77030503,0.4148125755,0.6347350617,0.5517241379,0.4371622582,0.6427506241,3,5,71,71,0.04054054054,0.9594594595,0.045,0.4590210876,0.2199224862,0.4959789124,0.4482758621,0.5851874245,0.367812554,0.5628377418,0.3976199334,0.2541220194,0.275862069,1.713545075,0.8238810233,1.7375,0.935
8579597,CFR Cluj vs Botoşani,Romania Liga I,12,READY,SMALL SAMPLE,PRIOR / SHRINKAGE,DA,0.7458779806,0.724137931,2.174004954,0.7631482495,0.7330774923,0.724137931,0.7639990111,0.7548693094,3,5,71,71,0.04054054054,0.9594594595,0.045,0.7008779806,0.2199224862,0.4959789124,0.4482758621,0.5851874245,0.367812554,0.5628377418,0.3976199334,0.2541220194,0.275862069,1.713545075,0.8238810233,1.7375,0.935
8546294,Varaždin vs Osijek,Croatia Prva HNL,1X,READY,SMALL SAMPLE,PRIOR / SHRINKAGE,DA,0.7157776187,0.7307859314,-1.500831264,0.7599213933,0.612481757,0.7307859314,0.6872504861,0.5899630645,4,4,34,34,0.1052631579,0.8947368421,0.045,0.6707776187,0.1617798095,0.4793088509,0.4442032132,0.5449373333,0.387518243,0.4534520947,0.4100369355,0.2364687678,0.2865827182,2.017210526,1.279473684,1.73,1.4025
8546294,Varaždin vs Osijek,Croatia Prva HNL,X2,READY,SMALL SAMPLE,PRIOR / SHRINKAGE,DA,0.5206911491,0.5557967868,-3.510563772,0.4550626667,0.6168424762,0.5557967868,0.5465479053,0.6361969749,4,4,34,34,0.1052631579,0.8947368421,0.045,0.4756911491,0.1617798095,0.4793088509,0.4442032132,0.5449373333,0.387518243,0.4534520947,0.4100369355,0.2364687678,0.2865827182,2.017210526,1.279473684,1.73,1.4025
8546294,Varaždin vs Osijek,Croatia Prva HNL,12,READY,SMALL SAMPLE,PRIOR / SHRINKAGE,DA,0.7635312322,0.7134172818,5.011395036,0.78501594,0.7706757668,0.7134172818,0.7662016086,0.7738399606,4,4,34,34,0.1052631579,0.8947368421,0.045,0.7185312322,0.1617798095,0.4793088509,0.4442032132,0.5449373333,0.387518243,0.4534520947,0.4100369355,0.2364687678,0.2865827182,2.017210526,1.279473684,1.73,1.4025
8551675,Novi Pazar vs Zemun,Serbia SuperLiga,1X,READY,SMALL SAMPLE,PRIOR / SHRINKAGE,DA,0.7798746276,0.8584405753,-7.856594769,0.8077660434,0.6455258484,0.8584405753,0.832810758,0.7720532748,5,4,60,60,0.07692307692,0.9230769231,0.045,0.7348746276,0.1888199919,0.5414652185,0.6557532173,0.5663092162,0.3774892244,0.6269741776,0.536777073,0.2384094091,0.2026873581,1.678325893,0.86484375,2.0475,0.9525
8551675,Novi Pazar vs Zemun,Serbia SuperLiga,X2,READY,SMALL SAMPLE,PRIOR / SHRINKAGE,DA,0.4585347815,0.3442467827,11.42879987,0.4336907838,0.6225107756,0.3442467827,0.3730258224,0.463222927,5,4,60,60,0.07692307692,0.9230769231,0.045,0.4135347815,0.1888199919,0.5414652185,0.6557532173,0.5663092162,0.3774892244,0.6269741776,0.536777073,0.2384094091,0.2026873581,1.678325893,0.86484375,2.0475,0.9525
8551675,Novi Pazar vs Zemun,Serbia SuperLiga,12,READY,SMALL SAMPLE,PRIOR / SHRINKAGE,DA,0.7615905909,0.7973126419,-3.572205104,0.7585431728,0.731963376,0.7973126419,0.7941634196,0.7647237982,5,4,60,60,0.07692307692,0.9230769231,0.045,0.7165905909,0.1888199919,0.5414652185,0.6557532173,0.5663092162,0.3774892244,0.6269741776,0.536777073,0.2384094091,0.2026873581,1.678325893,0.86484375,2.0475,0.9525
8551676,Vojvodina vs IMT Novi Beograd,Serbia SuperLiga,1X,READY,SMALL SAMPLE,PRIOR / SHRINKAGE,DA,0.7643192115,0.8144995597,-5.018034824,0.8035839957,0.6356092949,0.8144995597,0.7626214442,0.6470572219,5,5,60,60,0.07692307692,0.9230769231,0.045,0.7193192115,0.1917553946,0.5165826021,0.5796888758,0.5594656423,0.3677102477,0.5185993161,0.3979960137,0.2477366094,0.2348106839,1.654725275,0.8692307692,1.66,1.04
8551676,Vojvodina vs IMT Novi Beograd,Serbia SuperLiga,X2,READY,SMALL SAMPLE,PRIOR / SHRINKAGE,DA,0.4834173979,0.4203111242,6.310627379,0.4405343577,0.6322897523,0.4203111242,0.4814006839,0.6020039863,5,5,60,60,0.07692307692,0.9230769231,0.045,0.4384173979,0.1917553946,0.5165826021,0.5796888758,0.5594656423,0.3677102477,0.5185993161,0.3979960137,0.2477366094,0.2348106839,1.654725275,0.8692307692,1.66,1.04
8551676,Vojvodina vs IMT Novi Beograd,Serbia SuperLiga,12,READY,SMALL SAMPLE,PRIOR / SHRINKAGE,DA,0.7522633906,0.7651893161,-1.292592554,0.7558816467,0.7321009528,0.7651893161,0.755977872,0.7509387918,5,5,60,60,0.07692307692,0.9230769231,0.045,0.7072633906,0.1917553946,0.5165826021,0.5796888758,0.5594656423,0.3677102477,0.5185993161,0.3979960137,0.2477366094,0.2348106839,1.654725275,0.8692307692,1.66,1.04
8561286,Várda SE vs Paksi SE,Hungary NB I,1X,CRITICAL MISSING,SMALL SAMPLE,PRIOR / SHRINKAGE,DA,,,,0.6895014349,0.613294861,,0.6604561199,0.5839354919,4,3,41,41,0.08888888889,0.9111111111,0.045,,0.07902624637,,,0.4609971838,0.386705139,0.4257170374,0.4160645081,,,1.803155303,1.446760101,1.68,1.479166667
8561286,Várda SE vs Paksi SE,Hungary NB I,X2,CRITICAL MISSING,SMALL SAMPLE,PRIOR / SHRINKAGE,DA,,,,0.5390028162,0.6180290626,,0.5742829626,0.6433529754,4,3,41,41,0.08888888889,0.9111111111,0.045,,0.07902624637,,,0.4609971838,0.386705139,0.4257170374,0.4160645081,,,1.803155303,1.446760101,1.68,1.479166667
8561286,Várda SE vs Paksi SE,Hungary NB I,12,CRITICAL MISSING,SMALL SAMPLE,PRIOR / SHRINKAGE,DA,,,,0.7714957489,0.7686760764,,0.7652609175,0.7727115326,4,3,41,41,0.08888888889,0.9111111111,0.045,,0.07902624637,,,0.4609971838,0.386705139,0.4257170374,0.4160645081,,,1.803155303,1.446760101,1.68,1.479166667
8565849,Austria Lustenau vs Rheindorf Altach,Austria Bundesliga,1X,READY,SMALL SAMPLE,PRIOR / SHRINKAGE,DA,0.665069719,0.5866696488,7.840007019,0.7253818183,0.6228455907,0.5866696488,0.6997473766,0.6211086628,3,3,36,36,0.07692307692,0.9230769231,0.045,0.620069719,0.1097434795,0.4166976736,0.4133303512,0.4863851705,0.3771544093,0.4471140786,0.3788913372,0.2483720454,0.2692909864,1.700512821,1.220384615,1.526666667,1.205
8565849,Austria Lustenau vs Rheindorf Altach,Austria Bundesliga,X2,READY,SMALL SAMPLE,PRIOR / SHRINKAGE,DA,0.5833023264,0.6826213375,-9.931901111,0.5136148295,0.623358309,0.6826213375,0.5528859214,0.6278315779,3,3,36,36,0.07692307692,0.9230769231,0.045,0.5383023264,0.1097434795,0.4166976736,0.4133303512,0.4863851705,0.3771544093,0.4471140786,0.3788913372,0.2483720454,0.2692909864,1.700512821,1.220384615,1.526666667,1.205
8565849,Austria Lustenau vs Rheindorf Altach,Austria Bundesliga,12,READY,SMALL SAMPLE,PRIOR / SHRINKAGE,DA,0.7516279546,0.7307090136,2.091894092,0.7610033522,0.7537961002,0.7307090136,0.747366702,0.7510597593,3,3,36,36,0.07692307692,0.9230769231,0.045,0.7066279546,0.1097434795,0.4166976736,0.4133303512,0.4863851705,0.3771544093,0.4471140786,0.3788913372,0.2483720454,0.2692909864,1.700512821,1.220384615,1.526666667,1.205
8577307,BKMA vs Sardarapat,Armenia Armenian Premier League,1X,READY,SMALL SAMPLE,PRIOR / SHRINKAGE,DA,0.6384469419,0.5715338686,6.691307323,0.6802687722,0.6217163544,0.5715338686,0.5494602297,0.5750190898,4,4,42,42,0.08695652174,0.9130434783,0.045,0.5934469419,0.0593767408,0.3808546754,0.4284661314,0.4303678386,0.3782836456,0.4505397703,0.4249809102,0.2575922665,0.2798419421,1.53,1.284891304,1.1625,1.5025
8577307,BKMA vs Sardarapat,Armenia Armenian Premier League,X2,READY,SMALL SAMPLE,PRIOR / SHRINKAGE,DA,0.6191453246,0.7083080734,-8.916274882,0.5696321614,0.6290089022,0.7083080734,0.7062980851,0.6677457427,4,4,42,42,0.08695652174,0.9130434783,0.045,0.5741453246,0.0593767408,0.3808546754,0.4284661314,0.4303678386,0.3782836456,0.4505397703,0.4249809102,0.2575922665,0.2798419421,1.53,1.284891304,1.1625,1.5025
8577307,BKMA vs Sardarapat,Armenia Armenian Premier League,12,READY,SMALL SAMPLE,PRIOR / SHRINKAGE,DA,0.7424077335,0.7201580579,2.224967559,0.7500990664,0.7492747434,0.7201580579,0.7442416852,0.7572351675,4,4,42,42,0.08695652174,0.9130434783,0.045,0.6974077335,0.0593767408,0.3808546754,0.4284661314,0.4303678386,0.3782836456,0.4505397703,0.4249809102,0.2575922665,0.2798419421,1.53,1.284891304,1.1625,1.5025
8548624,Paris vs Strasbourg,France Ligue 1,1X,READY,SMALL SAMPLE,PRIOR / SHRINKAGE,DA,0.6590837729,0.7204717155,-6.138794261,0.6429178087,0.6300277587,0.7204717155,0.7249882046,0.6769809051,2,2,36,36,0.05263157895,0.9473684211,0.045,0.6140837729,0.01396016303,0.4052286846,0.4636078865,0.3904223383,0.3764621753,0.5078114579,0.4403990708,0.2538550883,0.256863829,1.437894737,1.364342105,1.99,1.4225
8548624,Paris vs Strasbourg,France Ligue 1,X2,READY,SMALL SAMPLE,PRIOR / SHRINKAGE,DA,0.5947713154,0.5363921135,5.837920189,0.6095776617,0.6235378247,0.5363921135,0.4921885421,0.5596009292,2,2,36,36,0.05263157895,0.9473684211,0.045,0.5497713154,0.01396016303,0.4052286846,0.4636078865,0.3904223383,0.3764621753,0.5078114579,0.4403990708,0.2538550883,0.256863829,1.437894737,1.364342105,1.99,1.4225
8548624,Paris vs Strasbourg,France Ligue 1,12,READY,SMALL SAMPLE,PRIOR / SHRINKAGE,DA,0.7461449117,0.743136171,0.3008740722,0.7475045297,0.7464344166,0.743136171,0.7828232533,0.7634181656,2,2,36,36,0.05263157895,0.9473684211,0.045,0.7011449117,0.01396016303,0.4052286846,0.4636078865,0.3904223383,0.3764621753,0.5078114579,0.4403990708,0.2538550883,0.256863829,1.437894737,1.364342105,1.99,1.4225
8614480,Sampdoria vs Catanzaro,Italy Serie B,1X,READY,SMALL SAMPLE,PRIOR / SHRINKAGE,DA,0.6695819941,0.7299883492,-6.040635507,0.6582889918,0.6317616438,0.7299883492,0.6624803075,0.6054806392,1,3,40,40,0.0243902439,0.9756097561,0.045,0.6245819941,0.02800464386,0.4009141726,0.4478866245,0.3945915699,0.3682383562,0.4343790539,0.3945193608,0.2686678215,0.2821017247,1.35401021,1.241184061,1.773333333,1.5425
8614480,Sampdoria vs Catanzaro,Italy Serie B,X2,READY,SMALL SAMPLE,PRIOR / SHRINKAGE,DA,0.5990858274,0.5521133755,4.697245191,0.6054084301,0.6334130739,0.5521133755,0.5656209461,0.6379777006,1,3,40,40,0.0243902439,0.9756097561,0.045,0.5540858274,0.02800464386,0.4009141726,0.4478866245,0.3945915699,0.3682383562,0.4343790539,0.3945193608,0.2686678215,0.2821017247,1.35401021,1.241184061,1.773333333,1.5425
8614480,Sampdoria vs Catanzaro,Italy Serie B,12,READY,SMALL SAMPLE,PRIOR / SHRINKAGE,DA,0.7313321785,0.7178982753,1.343390316,0.7363025781,0.7348252823,0.7178982753,0.7718987464,0.7565416602,1,3,40,40,0.0243902439,0.9756097561,0.045,0.6863321785,0.02800464386,0.4009141726,0.4478866245,0.3945915699,0.3682383562,0.4343790539,0.3945193608,0.2686678215,0.2821017247,1.35401021,1.241184061,1.773333333,1.5425
8420264,Örgryte vs Sirius,Sweden Allsvenskan,1X,READY,VERIFIED,,NU,0.4492208174,0.3725846783,7.663613904,0.4923083784,0.4396818344,0.3725846783,0.4923083784,0.4396818344,10,10,168,168,1,0,0.025,0.4242208174,0.05262654399,0.5507791826,0.6274153217,0.5076916216,0.5603181656,0.5076916216,0.5603181656,0.2131042353,0.2032280064,1.385,1.9525,1.385,1.9525
8420264,Örgryte vs Sirius,Sweden Allsvenskan,X2,READY,VERIFIED,,NU,0.763883418,0.830643328,-6.675991007,0.727432024,0.7700262958,0.830643328,0.727432024,0.7700262958,10,10,168,168,1,0,0.025,0.738883418,0.05262654399,0.5507791826,0.6274153217,0.5076916216,0.5603181656,0.5076916216,0.5603181656,0.2131042353,0.2032280064,1.385,1.9525,1.385,1.9525
8420264,Örgryte vs Sirius,Sweden Allsvenskan,12,READY,VERIFIED,,NU,0.7868957647,0.7967719936,-0.9876228971,0.7802595976,0.7902918698,0.7967719936,0.7802595976,0.7902918698,10,10,168,168,1,0,0.025,0.7618957647,0.05262654399,0.5507791826,0.6274153217,0.5076916216,0.5603181656,0.5076916216,0.5603181656,0.2131042353,0.2032280064,1.385,1.9525,1.385,1.9525
8550468,GKS Katowice vs Cracovia Kraków,Poland Ekstraklasa,1X,READY,SMALL SAMPLE,PRIOR / SHRINKAGE,DA,0.6782548602,0.6690265487,0.9228311502,0.7087214986,0.6265498948,0.6690265487,0.8474108709,0.6642827661,2,4,69,69,0.02816901408,0.9718309859,0.045,0.6332548602,0.08716468833,0.4290083303,0.4061946903,0.4656677731,0.3785030848,0.6628085869,0.4300717232,0.2492465299,0.2628318584,1.640442794,1.248184449,2.315,1.0225
8550468,GKS Katowice vs Cracovia Kraków,Poland Ekstraklasa,X2,READY,SMALL SAMPLE,PRIOR / SHRINKAGE,DA,0.5709916697,0.5938053097,-2.281364004,0.5343322269,0.6214969152,0.5938053097,0.3371914131,0.5699282768,2,4,69,69,0.02816901408,0.9718309859,0.045,0.5259916697,0.08716468833,0.4290083303,0.4061946903,0.4656677731,0.3785030848,0.6628085869,0.4300717232,0.2492465299,0.2628318584,1.640442794,1.248184449,2.315,1.0225
8550468,GKS Katowice vs Cracovia Kraków,Poland Ekstraklasa,12,READY,SMALL SAMPLE,PRIOR / SHRINKAGE,DA,0.7507534701,0.7371681416,1.358532854,0.7569462745,0.75195319,0.7371681416,0.815397716,0.7657889571,2,4,69,69,0.02816901408,0.9718309859,0.045,0.7057534701,0.08716468833,0.4290083303,0.4061946903,0.4656677731,0.3785030848,0.6628085869,0.4300717232,0.2492465299,0.2628318584,1.640442794,1.248184449,2.315,1.0225
8559062,Koper vs Nafta,Slovenia PrvaLiga,1X,READY,SMALL SAMPLE,PRIOR / SHRINKAGE,DA,0.6436385808,0.7984678845,-15.48293037,0.5737430794,0.6286002801,0.7984678845,0.5858327563,0.6402571904,3,4,44,44,0.06382978723,0.9361702128,0.045,0.5986385808,0.0548572007,0.3943770944,0.5598114319,0.4262569206,0.3746488963,0.4141672437,0.393957546,0.2492614864,0.2386564526,1.272034574,1.502526596,1.3775,1.544166667
8559062,Koper vs Nafta,Slovenia PrvaLiga,X2,READY,SMALL SAMPLE,PRIOR / SHRINKAGE,DA,0.6056229056,0.4401885681,16.54343375,0.6784759753,0.6253511037,0.4401885681,0.6599269618,0.606042454,3,4,44,44,0.06382978723,0.9361702128,0.045,0.5606229056,0.0548572007,0.3943770944,0.5598114319,0.4262569206,0.3746488963,0.4141672437,0.393957546,0.2492614864,0.2386564526,1.272034574,1.502526596,1.3775,1.544166667
8559062,Koper vs Nafta,Slovenia PrvaLiga,12,READY,SMALL SAMPLE,PRIOR / SHRINKAGE,DA,0.7507385136,0.7613435474,-1.060503385,0.7477809453,0.7460486163,0.7613435474,0.7542402819,0.7537003556,3,4,44,44,0.06382978723,0.9361702128,0.045,0.7057385136,0.0548572007,0.3943770944,0.5598114319,0.4262569206,0.3746488963,0.4141672437,0.393957546,0.2492614864,0.2386564526,1.272034574,1.502526596,1.3775,1.544166667
8571674,St. Pölten vs Schwarz-Weiß Bregenz,Austria 2. Liga,1X,READY,SMALL SAMPLE,PRIOR / SHRINKAGE,DA,0.7036859258,0.7632328463,-5.954692053,0.7159442506,0.6196223555,0.7632328463,0.7905309981,0.6508535987,3,3,48,48,0.05882352941,0.9411764706,0.045,0.6586859258,0.1016525364,0.4678538563,0.5200665804,0.4843337938,0.3826812574,0.509279282,0.391212594,0.2358320695,0.243166266,1.784803922,1.318627451,1.351666667,0.7566666667
8571674,St. Pölten vs Schwarz-Weiß Bregenz,Austria 2. Liga,X2,READY,SMALL SAMPLE,PRIOR / SHRINKAGE,DA,0.5321461437,0.4799334196,5.221272404,0.5156662062,0.6173187426,0.4799334196,0.490720718,0.608787406,3,3,48,48,0.05882352941,0.9411764706,0.045,0.4871461437,0.1016525364,0.4678538563,0.5200665804,0.4843337938,0.3826812574,0.509279282,0.391212594,0.2358320695,0.243166266,1.784803922,1.318627451,1.351666667,0.7566666667
8571674,St. Pölten vs Schwarz-Weiß Bregenz,Austria 2. Liga,12,READY,SMALL SAMPLE,PRIOR / SHRINKAGE,DA,0.7641679305,0.756833734,0.733419649,0.7683895431,0.7630589019,0.756833734,0.7187482839,0.7403589953,3,3,48,48,0.05882352941,0.9411764706,0.045,0.7191679305,0.1016525364,0.4678538563,0.5200665804,0.4843337938,0.3826812574,0.509279282,0.391212594,0.2358320695,0.243166266,1.784803922,1.318627451,1.351666667,0.7566666667
8411811,Molde vs Aalesund,Norway Eliteserien,1X,READY,VERIFIED,,NU,0.7872124046,0.8576642336,-7.045182893,0.7908776654,0.7094300542,0.8576642336,0.7908776654,0.7094300542,10,9,160,160,1,0,0.025,0.7622124046,0.08442030738,0.5911997888,0.7116788321,0.5791802102,0.4947599028,0.5791802102,0.4947599028,0.1960126158,0.1459854015,2.037777778,1.1475,2.037777778,1.1475
8411811,Molde vs Aalesund,Norway Eliteserien,X2,READY,VERIFIED,,NU,0.4088002112,0.2883211679,12.04790433,0.4208197898,0.5052400972,0.2883211679,0.4208197898,0.5052400972,10,9,160,160,1,0,0.025,0.3838002112,0.08442030738,0.5911997888,0.7116788321,0.5791802102,0.4947599028,0.5791802102,0.4947599028,0.1960126158,0.1459854015,2.037777778,1.1475,2.037777778,1.1475
8411811,Molde vs Aalesund,Norway Eliteserien,12,READY,VERIFIED,,NU,0.8039873842,0.8540145985,-5.002721438,0.7883025448,0.7853298486,0.8540145985,0.7883025448,0.7853298486,10,9,160,160,1,0,0.025,0.7789873842,0.08442030738,0.5911997888,0.7116788321,0.5791802102,0.4947599028,0.5791802102,0.4947599028,0.1960126158,0.1459854015,2.037777778,1.1475,2.037777778,1.1475
8545043,Roma vs Inter Milan,Italy Serie A,1X,READY,SMALL SAMPLE,PRIOR / SHRINKAGE,DA,0.6320083489,0.6388602106,-0.6851861672,0.6324863291,0.624200527,0.6388602106,0.7059666686,0.6489449882,2,1,40,40,0.04761904762,0.9523809524,0.045,0.5870083489,0.008285802031,0.3772967164,0.3611397894,0.3872987268,0.3802635807,0.4686134525,0.4354317595,0.2547116326,0.2845343795,1.498263647,1.453600465,1.705,1.305
8545043,Roma vs Inter Milan,Italy Serie A,X2,READY,SMALL SAMPLE,PRIOR / SHRINKAGE,DA,0.6227032836,0.6456741689,-2.297088527,0.6127012732,0.6197364193,0.6456741689,0.5313865475,0.5645682405,2,1,40,40,0.04761904762,0.9523809524,0.045,0.5777032836,0.008285802031,0.3772967164,0.3611397894,0.3872987268,0.3802635807,0.4686134525,0.4354317595,0.2547116326,0.2845343795,1.498263647,1.453600465,1.705,1.305
8545043,Roma vs Inter Milan,Italy Serie A,12,READY,SMALL SAMPLE,PRIOR / SHRINKAGE,DA,0.7452883674,0.7154656205,2.982274695,0.7548123978,0.7560630537,0.7154656205,0.7626467839,0.7864867713,2,1,40,40,0.04761904762,0.9523809524,0.045,0.7002883674,0.008285802031,0.3772967164,0.3611397894,0.3872987268,0.3802635807,0.4686134525,0.4354317595,0.2547116326,0.2845343795,1.498263647,1.453600465,1.705,1.305
8546462,Arda vs Cherno More,Bulgaria First League,1X,READY,SMALL SAMPLE,PRIOR / SHRINKAGE,DA,0.7120280245,0.7965292842,-8.450125971,0.7082506718,0.63508147,0.7965292842,0.7957342367,0.7021061202,4,5,63,63,0.05970149254,0.9402985075,0.045,0.6670280245,0.07740554697,0.4513348148,0.5232104121,0.4531781314,0.3757725844,0.5635544946,0.4557564733,0.2606932096,0.273318872,1.511535887,1.161043679,1.78,0.9725
8546462,Arda vs Cherno More,Bulgaria First League,X2,READY,SMALL SAMPLE,PRIOR / SHRINKAGE,DA,0.5486651852,0.4767895879,7.187559733,0.5468218686,0.6242274156,0.4767895879,0.4364455054,0.5442435267,4,5,63,63,0.05970149254,0.9402985075,0.045,0.5036651852,0.07740554697,0.4513348148,0.5232104121,0.4531781314,0.3757725844,0.5635544946,0.4557564733,0.2606932096,0.273318872,1.511535887,1.161043679,1.78,0.9725
8546462,Arda vs Cherno More,Bulgaria First League,12,READY,SMALL SAMPLE,PRIOR / SHRINKAGE,DA,0.7393067904,0.726681128,1.262566238,0.7449274595,0.7406911144,0.726681128,0.7678202579,0.7536503531,4,5,63,63,0.05970149254,0.9402985075,0.045,0.6943067904,0.07740554697,0.4513348148,0.5232104121,0.4531781314,0.3757725844,0.5635544946,0.4557564733,0.2606932096,0.273318872,1.511535887,1.161043679,1.78,0.9725
8546669,OB vs Midtjylland,Denmark Superliga,1X,READY,SMALL SAMPLE,PRIOR / SHRINKAGE,DA,0.5879145953,0.4716891095,11.62254858,0.6322109967,0.6155472783,0.4716891095,0.5040577821,0.5024215539,3,4,48,48,0.05882352941,0.9411764706,0.045,0.5429145953,0.0166637184,0.4120854047,0.5283108905,0.3828054898,0.3844527217,0.4959422179,0.4975784461,0.2462241801,0.2367367788,1.449664404,1.416210407,1.189166667,1.710833333
8546669,OB vs Midtjylland,Denmark Superliga,X2,READY,SMALL SAMPLE,PRIOR / SHRINKAGE,DA,0.6583095847,0.7650476693,-10.67380845,0.6171945102,0.6338016493,0.7650476693,0.734492349,0.7360484722,3,4,48,48,0.05882352941,0.9411764706,0.045,0.6133095847,0.0166637184,0.4120854047,0.5283108905,0.3828054898,0.3844527217,0.4959422179,0.4975784461,0.2462241801,0.2367367788,1.449664404,1.416210407,1.189166667,1.710833333
8546669,OB vs Midtjylland,Denmark Superliga,12,READY,SMALL SAMPLE,PRIOR / SHRINKAGE,DA,0.7537758199,0.7632632212,-0.9487401267,0.7505944931,0.7506510724,0.7632632212,0.7614498688,0.7615299739,3,4,48,48,0.05882352941,0.9411764706,0.045,0.7087758199,0.0166637184,0.4120854047,0.5283108905,0.3828054898,0.3844527217,0.4959422179,0.4975784461,0.2462241801,0.2367367788,1.449664404,1.416210407,1.189166667,1.710833333
8554471,Young Boys vs Servette,Switzerland Super League,1X,READY,SMALL SAMPLE,PRIOR / SHRINKAGE,DA,0.6377209716,0.7449342205,-10.72132489,0.5966686711,0.6126123237,0.7449342205,0.6921986749,0.7033215964,4,4,48,48,0.07692307692,0.9230769231,0.045,0.5927209716,0.01594365261,0.4230488715,0.5160290337,0.4033313289,0.4022060926,0.4899253415,0.4925561906,0.2146721001,0.2289051868,1.931730769,1.973653846,2.2325,1.7575
8554471,Young Boys vs Servette,Switzerland Super League,X2,READY,SMALL SAMPLE,PRIOR / SHRINKAGE,DA,0.5769511285,0.4839709663,9.298016226,0.6130198202,0.5977939074,0.4839709663,0.5100746585,0.5074438094,4,4,48,48,0.07692307692,0.9230769231,0.045,0.5319511285,0.01594365261,0.4230488715,0.5160290337,0.4033313289,0.4022060926,0.4899253415,0.4925561906,0.2146721001,0.2289051868,1.931730769,1.973653846,2.2325,1.7575
8554471,Young Boys vs Servette,Switzerland Super League,12,READY,SMALL SAMPLE,PRIOR / SHRINKAGE,DA,0.7853278999,0.7710948132,1.423308663,0.7903115087,0.7895937689,0.7710948132,0.7977266666,0.7892345942,4,4,48,48,0.07692307692,0.9230769231,0.045,0.7403278999,0.01594365261,0.4230488715,0.5160290337,0.4033313289,0.4022060926,0.4899253415,0.4925561906,0.2146721001,0.2289051868,1.931730769,1.973653846,2.2325,1.7575
8554475,Luzern vs Grasshopper,Switzerland Super League,1X,READY,SMALL SAMPLE,PRIOR / SHRINKAGE,DA,0.6378890938,0.7595750629,-12.16859691,0.5934405129,0.6051002866,0.7595750629,0.6588561886,0.6068517889,4,4,48,48,0.07692307692,0.9230769231,0.045,0.5928890938,0.01217992272,0.422595422,0.5311713727,0.4065594871,0.3948997134,0.431974705,0.3931482111,0.2152936718,0.2284036902,1.897307692,1.959038462,1.785,1.5675
8554475,Luzern vs Grasshopper,Switzerland Super League,X2,READY,SMALL SAMPLE,PRIOR / SHRINKAGE,DA,0.577404578,0.4688286273,10.85759506,0.6176565358,0.605476613,0.4688286273,0.568025295,0.611902372,4,4,48,48,0.07692307692,0.9230769231,0.045,0.532404578,0.01217992272,0.422595422,0.5311713727,0.4065594871,0.3948997134,0.431974705,0.3931482111,0.2152936718,0.2284036902,1.897307692,1.959038462,1.785,1.5675
8554475,Luzern vs Grasshopper,Switzerland Super League,12,READY,SMALL SAMPLE,PRIOR / SHRINKAGE,DA,0.7847063282,0.7715963098,1.311001844,0.7889029514,0.7894231003,0.7715963098,0.7731185164,0.7812458391,4,4,48,48,0.07692307692,0.9230769231,0.045,0.7397063282,0.01217992272,0.422595422,0.5311713727,0.4065594871,0.3948997134,0.431974705,0.3931482111,0.2152936718,0.2284036902,1.897307692,1.959038462,1.785,1.5675
8560681,Slovácko vs Baník Ostrava,Czech Republic First League,1X,READY,SMALL SAMPLE,PRIOR / SHRINKAGE,DA,0.660951304,0.66779707,-0.6845766043,0.6757974751,0.6244131957,0.66779707,0.7532012754,0.6469801915,3,4,63,63,0.04545454545,0.9545454545,0.045,0.615951304,0.05340524092,0.4044035916,0.3784590342,0.4308535244,0.3774482834,0.4988518806,0.3855944102,0.2565477124,0.2893380358,1.578821305,1.338786253,1.554166667,1.0125
8560681,Slovácko vs Baník Ostrava,Czech Republic First League,X2,READY,SMALL SAMPLE,PRIOR / SHRINKAGE,DA,0.5955964084,0.6215409658,-2.594455741,0.5691464756,0.6225517166,0.6215409658,0.5011481194,0.6144055898,3,4,63,63,0.04545454545,0.9545454545,0.045,0.5505964084,0.05340524092,0.4044035916,0.3784590342,0.4308535244,0.3774482834,0.4988518806,0.3855944102,0.2565477124,0.2893380358,1.578821305,1.338786253,1.554166667,1.0125
8560681,Slovácko vs Baník Ostrava,Czech Republic First League,12,READY,SMALL SAMPLE,PRIOR / SHRINKAGE,DA,0.7434522876,0.7106619642,3.279032345,0.7550560493,0.7530350878,0.7106619642,0.7456506052,0.7386142186,3,4,63,63,0.04545454545,0.9545454545,0.045,0.6984522876,0.05340524092,0.4044035916,0.3784590342,0.4308535244,0.3774482834,0.4988518806,0.3855944102,0.2565477124,0.2893380358,1.578821305,1.338786253,1.554166667,1.0125
8603743,Atromitos vs Kifisia,Greece Super League,1X,READY,SMALL SAMPLE,PRIOR / SHRINKAGE,DA,0.7438381421,0.7493255923,-0.5487450161,0.7983179199,0.6293911365,0.7493255923,0.712299413,0.589834979,2,2,28,28,0.06666666667,0.9333333333,0.045,0.6988381421,0.1933802559,0.4857276003,0.4624091016,0.5579605186,0.3706088635,0.4625020428,0.410165021,0.2581105418,0.2869164907,1.693333333,0.9123333333,1.57,1.185
8603743,Atromitos vs Kifisia,Greece Super League,X2,READY,SMALL SAMPLE,PRIOR / SHRINKAGE,DA,0.5142723997,0.5375908984,-2.331849878,0.4420394814,0.6354197373,0.5375908984,0.5374979572,0.682362853,2,2,28,28,0.06666666667,0.9333333333,0.045,0.4692723997,0.1933802559,0.4857276003,0.4624091016,0.5579605186,0.3706088635,0.4625020428,0.410165021,0.2581105418,0.2869164907,1.693333333,0.9123333333,1.57,1.185
8603743,Atromitos vs Kifisia,Greece Super League,12,READY,SMALL SAMPLE,PRIOR / SHRINKAGE,DA,0.7418894582,0.7130835093,2.880594894,0.7596425987,0.7351891261,0.7130835093,0.7502026298,0.727802168,2,2,28,28,0.06666666667,0.9333333333,0.045,0.6968894582,0.1933802559,0.4857276003,0.4624091016,0.5579605186,0.3706088635,0.4625020428,0.410165021,0.2581105418,0.2869164907,1.693333333,0.9123333333,1.57,1.185
8562370,Sporting Charleroi vs Cercle Brugge,Belgium Pro League,1X,READY,SMALL SAMPLE,PRIOR / SHRINKAGE,DA,0.703316863,0.7680637631,-6.474690006,0.7084855819,0.6282325251,0.7680637631,0.7410545803,0.756852533,3,3,54,54,0.05263157895,0.9473684211,0.045,0.658316863,0.08606760864,0.4674446934,0.5372534302,0.4728643173,0.3867967087,0.5130362213,0.526491585,0.2358721696,0.2308103329,1.728508772,1.310964912,1.841666667,1.248333333
8562370,Sporting Charleroi vs Cercle Brugge,Belgium Pro League,X2,READY,SMALL SAMPLE,PRIOR / SHRINKAGE,DA,0.5325553066,0.4627465698,6.980873683,0.5271356827,0.6132032913,0.4627465698,0.4869637787,0.473508415,3,3,54,54,0.05263157895,0.9473684211,0.045,0.4875553066,0.08606760864,0.4674446934,0.5372534302,0.4728643173,0.3867967087,0.5130362213,0.526491585,0.2358721696,0.2308103329,1.728508772,1.310964912,1.841666667,1.248333333
8562370,Sporting Charleroi vs Cercle Brugge,Belgium Pro League,12,READY,SMALL SAMPLE,PRIOR / SHRINKAGE,DA,0.7641278304,0.7691896671,-0.5061836765,0.7643787354,0.7585641836,0.7691896671,0.771981641,0.769639052,3,3,54,54,0.05263157895,0.9473684211,0.045,0.7191278304,0.08606760864,0.4674446934,0.5372534302,0.4728643173,0.3867967087,0.5130362213,0.526491585,0.2358721696,0.2308103329,1.728508772,1.310964912,1.841666667,1.248333333
8555876,Maccabi Petah Tikva vs Hapoel Katamon,Israel Israeli Premier League,1X,CRITICAL MISSING,SMALL SAMPLE,PRIOR / SHRINKAGE,DA,,,,0.6747595214,0.6156719154,,0.6181988082,0.5804411363,2,2,28,28,0.06666666667,0.9333333333,0.045,,0.059087606,,,0.4387834097,0.3843280846,0.3818011918,0.4195588637,,,1.685833333,1.422833333,1.2875,1.3425
8555876,Maccabi Petah Tikva vs Hapoel Katamon,Israel Israeli Premier League,X2,CRITICAL MISSING,SMALL SAMPLE,PRIOR / SHRINKAGE,DA,,,,0.5612165903,0.619891767,,0.6438377241,0.6406450558,2,2,28,28,0.06666666667,0.9333333333,0.045,,0.059087606,,,0.4387834097,0.3843280846,0.3818011918,0.4195588637,,,1.685833333,1.422833333,1.2875,1.3425
8555876,Maccabi Petah Tikva vs Hapoel Katamon,Israel Israeli Premier League,12,CRITICAL MISSING,SMALL SAMPLE,PRIOR / SHRINKAGE,DA,,,,0.7640238883,0.7644363176,,0.7379634678,0.7789138078,2,2,28,28,0.06666666667,0.9333333333,0.045,,0.059087606,,,0.4387834097,0.3843280846,0.3818011918,0.4195588637,,,1.685833333,1.422833333,1.2875,1.3425
8555892,Bnei Sakhnin vs Hapoel Ramat Gan,Israel Israeli Premier League,1X,READY,SMALL SAMPLE,PRIOR / SHRINKAGE,DA,0.6612986526,0.6548208564,0.6477796198,0.6845855626,0.6212026287,0.6548208564,0.7677560323,0.6625292661,2,2,28,28,0.06666666667,0.9333333333,0.045,0.6162986526,0.06677570509,0.4159331317,0.3786775415,0.4506102301,0.383834525,0.5419328276,0.4155786345,0.2453655209,0.2761433149,1.7245,1.409833333,1.8675,1.1475
8555892,Bnei Sakhnin vs Hapoel Ramat Gan,Israel Israeli Premier League,X2,READY,SMALL SAMPLE,PRIOR / SHRINKAGE,DA,0.5840668683,0.6213224585,-3.725559018,0.5493897699,0.616165475,0.6213224585,0.4580671724,0.5844213655,2,2,28,28,0.06666666667,0.9333333333,0.045,0.5390668683,0.06677570509,0.4159331317,0.3786775415,0.4506102301,0.383834525,0.5419328276,0.4155786345,0.2453655209,0.2761433149,1.7245,1.409833333,1.8675,1.1475
8555892,Bnei Sakhnin vs Hapoel Ramat Gan,Israel Israeli Premier League,12,READY,SMALL SAMPLE,PRIOR / SHRINKAGE,DA,0.7546344791,0.7238566851,3.077779398,0.7660246675,0.7626318963,0.7238566851,0.7741767953,0.7530493684,2,2,28,28,0.06666666667,0.9333333333,0.045,0.7096344791,0.06677570509,0.4159331317,0.3786775415,0.4506102301,0.383834525,0.5419328276,0.4155786345,0.2453655209,0.2761433149,1.7245,1.409833333,1.8675,1.1475
8557836,Nottingham Forest vs Coventry City,England Premier League,1X,READY,SMALL SAMPLE,PRIOR / SHRINKAGE,DA,0.6906238794,0.8188808901,-12.82570107,0.6547301864,0.6341542547,0.8188808901,0.8198993836,0.8077746825,2,2,40,40,0.04761904762,0.9523809524,0.045,0.6456238794,0.02057593168,0.4439269965,0.5869600785,0.402791932,0.3831640436,0.5279563106,0.5646604377,0.2466968829,0.2319208115,1.466309524,1.339285714,1.2925,0.625
8557836,Nottingham Forest vs Coventry City,England Premier League,X2,READY,SMALL SAMPLE,PRIOR / SHRINKAGE,DA,0.5560730035,0.4130399215,14.3033082,0.597208068,0.6168359564,0.4130399215,0.4720436894,0.4353395623,2,2,40,40,0.04761904762,0.9523809524,0.045,0.5110730035,0.02057593168,0.4439269965,0.5869600785,0.402791932,0.3831640436,0.5279563106,0.5646604377,0.2466968829,0.2319208115,1.466309524,1.339285714,1.2925,0.625
8557836,Nottingham Forest vs Coventry City,England Premier League,12,READY,SMALL SAMPLE,PRIOR / SHRINKAGE,DA,0.7533031171,0.7680791885,-1.477607134,0.7480617456,0.7490097889,0.7680791885,0.7080569271,0.7568857552,2,2,40,40,0.04761904762,0.9523809524,0.045,0.7083031171,0.02057593168,0.4439269965,0.5869600785,0.402791932,0.3831640436,0.5279563106,0.5646604377,0.2466968829,0.2319208115,1.466309524,1.339285714,1.2925,0.625
8570378,Celta de Vigo vs Racing Santander,Spain La Liga,1X,READY,SMALL SAMPLE,PRIOR / SHRINKAGE,DA,0.7004063858,0.7559055118,-5.549912602,0.7108232101,0.6240736111,0.7559055118,0.7269511939,0.6814025061,3,3,57,57,0.05,0.95,0.045,0.6554063858,0.09329980492,0.4609626682,0.5118110236,0.4751131514,0.3818133464,0.5026955803,0.4375298523,0.2394437176,0.2440944882,1.729366667,1.30165,1.888333333,1.3425
8570378,Celta de Vigo vs Racing Santander,Spain La Liga,X2,READY,SMALL SAMPLE,PRIOR / SHRINKAGE,DA,0.5390373318,0.4881889764,5.084835543,0.5248868486,0.6181866536,0.4881889764,0.4973044197,0.5624701477,3,3,57,57,0.05,0.95,0.045,0.4940373318,0.09329980492,0.4609626682,0.5118110236,0.4751131514,0.3818133464,0.5026955803,0.4375298523,0.2394437176,0.2440944882,1.729366667,1.30165,1.888333333,1.3425
8570378,Celta de Vigo vs Racing Santander,Spain La Liga,12,READY,SMALL SAMPLE,PRIOR / SHRINKAGE,DA,0.7605562824,0.7559055118,0.4650770594,0.7642899412,0.7577397353,0.7559055118,0.7757443864,0.7561273462,3,3,57,57,0.05,0.95,0.045,0.7155562824,0.09329980492,0.4609626682,0.5118110236,0.4751131514,0.3818133464,0.5026955803,0.4375298523,0.2394437176,0.2440944882,1.729366667,1.30165,1.888333333,1.3425
8572436,Stuttgart vs Borussia Dortmund,Germany Bundesliga,1X,READY,SMALL SAMPLE,PRIOR / SHRINKAGE,DA,0.672343034,0.6502567735,2.208626047,0.721413286,0.5962887904,0.6502567735,0.7593028037,0.4662545674,1,1,27,27,0.03571428571,0.9642857143,0.045,0.627343034,0.1349212606,0.4593390354,0.3984416504,0.5246119172,0.4037112096,0.5773471891,0.5337454326,0.2130039986,0.2518151231,2.343571429,1.694375,2.62,1.6925
8572436,Stuttgart vs Borussia Dortmund,Germany Bundesliga,X2,READY,SMALL SAMPLE,PRIOR / SHRINKAGE,DA,0.5406609646,0.6015583496,-6.089738494,0.4753880828,0.6103093434,0.6015583496,0.4226528109,0.73669843,1,1,27,27,0.03571428571,0.9642857143,0.045,0.4956609646,0.1349212606,0.4593390354,0.3984416504,0.5246119172,0.4037112096,0.5773471891,0.5337454326,0.2130039986,0.2518151231,2.343571429,1.694375,2.62,1.6925
8572436,Stuttgart vs Borussia Dortmund,Germany Bundesliga,12,READY,SMALL SAMPLE,PRIOR / SHRINKAGE,DA,0.7869960014,0.7481848769,3.881112447,0.8031986312,0.7934018662,0.7481848769,0.8180443854,0.7970470026,1,1,27,27,0.03571428571,0.9642857143,0.045,0.7419960014,0.1349212606,0.4593390354,0.3984416504,0.5246119172,0.4037112096,0.5773471891,0.5337454326,0.2130039986,0.2518151231,2.343571429,1.694375,2.62,1.6925
8584394,CD Castellón vs CD Tenerife,Spain Segunda División,1X,READY,SMALL SAMPLE,PRIOR / SHRINKAGE,DA,0.6997069548,0.8198206359,-12.01136811,0.6681903372,0.642626509,0.8198206359,0.7314926104,0.7133775652,2,2,55,55,0.0350877193,0.9649122807,0.045,0.6547069548,0.02638774916,0.4328700959,0.5888214512,0.3896822272,0.363294478,0.4505371366,0.4262717891,0.2668368589,0.2309991847,1.241140351,1.12254386,1.31,0.9425
8584394,CD Castellón vs CD Tenerife,Spain Segunda División,X2,READY,SMALL SAMPLE,PRIOR / SHRINKAGE,DA,0.5671299041,0.4111785488,15.59513553,0.6103177728,0.636705522,0.4111785488,0.5494628634,0.5737282109,2,2,55,55,0.0350877193,0.9649122807,0.045,0.5221299041,0.02638774916,0.4328700959,0.5888214512,0.3896822272,0.363294478,0.4505371366,0.4262717891,0.2668368589,0.2309991847,1.241140351,1.12254386,1.31,0.9425
8584394,CD Castellón vs CD Tenerife,Spain Segunda División,12,READY,SMALL SAMPLE,PRIOR / SHRINKAGE,DA,0.7331631411,0.7690008153,-3.583767423,0.72149189,0.720667969,0.7690008153,0.7190445262,0.712894224,2,2,55,55,0.0350877193,0.9649122807,0.045,0.6881631411,0.02638774916,0.4328700959,0.5888214512,0.3896822272,0.363294478,0.4505371366,0.4262717891,0.2668368589,0.2309991847,1.241140351,1.12254386,1.31,0.9425
8584414,CD Eldense vs SD Eibar,Spain Segunda División,1X,READY,SMALL SAMPLE,PRIOR / SHRINKAGE,DA,0.6456108532,0.6206989976,2.491185564,0.663049448,0.6356455191,0.6206989976,0.5885560909,0.5541255124,2,2,55,55,0.0350877193,0.9649122807,0.045,0.6006108532,0.0279655974,0.3623292214,0.3793010024,0.3854104258,0.3643544809,0.4114439091,0.4458744876,0.2832816318,0.2996477919,1.239210526,1.139649123,1.255,1.43
8584414,CD Eldense vs SD Eibar,Spain Segunda División,X2,READY,SMALL SAMPLE,PRIOR / SHRINKAGE,DA,0.6376707786,0.6789487944,-4.127801575,0.6145895742,0.6425551716,0.6789487944,0.6693043961,0.7068473204,2,2,55,55,0.0350877193,0.9649122807,0.045,0.5926707786,0.0279655974,0.3623292214,0.3793010024,0.3854104258,0.3643544809,0.4114439091,0.4458744876,0.2832816318,0.2996477919,1.239210526,1.139649123,1.255,1.43
8584414,CD Eldense vs SD Eibar,Spain Segunda División,12,READY,SMALL SAMPLE,PRIOR / SHRINKAGE,DA,0.7167183682,0.7003522081,1.636616012,0.7223609777,0.7217993092,0.7003522081,0.742139513,0.7390271672,2,2,55,55,0.0350877193,0.9649122807,0.045,0.6717183682,0.0279655974,0.3623292214,0.3793010024,0.3854104258,0.3643544809,0.4114439091,0.4458744876,0.2832816318,0.2996477919,1.239210526,1.139649123,1.255,1.43
8603784,Aris vs Iraklis Thessaloniki,Greece Super League,1X,READY,SMALL SAMPLE,PRIOR / SHRINKAGE,DA,0.7635792419,0.8111888112,-4.760956932,0.8050519077,0.6330243409,0.8111888112,0.8126470384,0.6456186758,1,3,28,28,0.03448275862,0.9655172414,0.045,0.7185792419,0.1980929537,0.5158362941,0.5594405594,0.5673325235,0.3692395698,0.5965610498,0.3877741634,0.2477429478,0.2517482517,1.716546162,0.8970689655,1.951666667,0.995
8603784,Aris vs Iraklis Thessaloniki,Greece Super League,X2,READY,SMALL SAMPLE,PRIOR / SHRINKAGE,DA,0.4841637059,0.4405594406,4.360426539,0.4326674765,0.6307604302,0.4405594406,0.4034389502,0.6122258366,1,3,28,28,0.03448275862,0.9655172414,0.045,0.4391637059,0.1980929537,0.5158362941,0.5594405594,0.5673325235,0.3692395698,0.5965610498,0.3877741634,0.2477429478,0.2517482517,1.716546162,0.8970689655,1.951666667,0.995
8603784,Aris vs Iraklis Thessaloniki,Greece Super League,12,READY,SMALL SAMPLE,PRIOR / SHRINKAGE,DA,0.7522570522,0.7482517483,0.4005303936,0.7622806158,0.7362152289,0.7482517483,0.7839140114,0.7421554876,1,3,28,28,0.03448275862,0.9655172414,0.045,0.7072570522,0.1980929537,0.5158362941,0.5594405594,0.5673325235,0.3692395698,0.5965610498,0.3877741634,0.2477429478,0.2517482517,1.716546162,0.8970689655,1.951666667,0.995
8697472,Zrinjski vs Velež,Bosnia and Herzegovina Premier League of Bosnia,1X,READY,SMALL SAMPLE,PRIOR / SHRINKAGE,DA,0.7715760601,0.8862127528,-11.46366927,0.7744380807,0.6512153262,0.8862127528,0.8475275762,0.7802544105,4,4,35,35,0.1025641026,0.8974358974,0.045,0.7265760601,0.1414711509,0.5250329281,0.6793268488,0.5207586715,0.3792875205,0.6475910776,0.5380487389,0.246543132,0.206885904,1.567692308,0.9370512821,2.09,0.9025
8697472,Zrinjski vs Velež,Bosnia and Herzegovina Premier League of Bosnia,X2,READY,SMALL SAMPLE,PRIOR / SHRINKAGE,DA,0.4749670719,0.3206731512,15.42939208,0.4792413285,0.6207124795,0.3206731512,0.3524089224,0.4619512611,4,4,35,35,0.1025641026,0.8974358974,0.045,0.4299670719,0.1414711509,0.5250329281,0.6793268488,0.5207586715,0.3792875205,0.6475910776,0.5380487389,0.246543132,0.206885904,1.567692308,0.9370512821,2.09,0.9025
8697472,Zrinjski vs Velež,Bosnia and Herzegovina Premier League of Bosnia,12,READY,SMALL SAMPLE,PRIOR / SHRINKAGE,DA,0.753456868,0.793114096,-3.965722806,0.7463205908,0.7280721943,0.793114096,0.8000635014,0.7577943284,4,4,35,35,0.1025641026,0.8974358974,0.045,0.708456868,0.1414711509,0.5250329281,0.6793268488,0.5207586715,0.3792875205,0.6475910776,0.5380487389,0.246543132,0.206885904,1.567692308,0.9370512821,2.09,0.9025
8547615,Sparta Rotterdam vs Heerenveen,Netherlands Eredivisie,1X,READY,SMALL SAMPLE,PRIOR / SHRINKAGE,DA,0.5640869164,0.6324378416,-6.835092523,0.5101700716,0.6035696806,0.6324378416,0.588932326,0.5902148271,3,2,54,54,0.05263157895,0.9473684211,0.045,0.5190869164,0.09339960893,0.4359130836,0.3822646448,0.4898299284,0.3964303194,0.411067674,0.4097851729,0.2168553115,0.2501731968,1.727310464,2.202711466,1.756666667,1.8575
8547615,Sparta Rotterdam vs Heerenveen,Netherlands Eredivisie,X2,READY,SMALL SAMPLE,PRIOR / SHRINKAGE,DA,0.6527683952,0.6177353552,3.503303995,0.6937135818,0.6059110619,0.6177353552,0.6296768836,0.6380163636,3,2,54,54,0.05263157895,0.9473684211,0.045,0.6077683952,0.09339960893,0.4359130836,0.3822646448,0.4898299284,0.3964303194,0.411067674,0.4097851729,0.2168553115,0.2501731968,1.727310464,2.202711466,1.756666667,1.8575
8547615,Sparta Rotterdam vs Heerenveen,Netherlands Eredivisie,12,READY,SMALL SAMPLE,PRIOR / SHRINKAGE,DA,0.7831446885,0.7498268032,3.331788528,0.7961163466,0.7905192575,0.7498268032,0.7813907905,0.7717688093,3,2,54,54,0.05263157895,0.9473684211,0.045,0.7381446885,0.09339960893,0.4359130836,0.3822646448,0.4898299284,0.3964303194,0.411067674,0.4097851729,0.2168553115,0.2501731968,1.727310464,2.202711466,1.756666667,1.8575
8558395,Kilmarnock vs Hearts,Scotland Premiership,1X,READY,SMALL SAMPLE,PRIOR / SHRINKAGE,DA,0.5570924578,0.4383737257,11.87187322,0.5883184012,0.6133593031,0.4383737257,0.4034190973,0.4086838314,3,3,36,36,0.07692307692,0.9230769231,0.045,0.5120924578,0.0250409019,0.4429075422,0.5616262743,0.4116815988,0.3866406969,0.5965809027,0.5913161686,0.2531139913,0.2344789695,1.245384615,1.422884615,1.18,2.1575
8558395,Kilmarnock vs Hearts,Scotland Premiership,X2,READY,SMALL SAMPLE,PRIOR / SHRINKAGE,DA,0.6960215335,0.7961052439,-10.00837104,0.6704419408,0.6470970087,0.7961052439,0.7992707946,0.8004387978,3,3,36,36,0.07692307692,0.9230769231,0.045,0.6510215335,0.0250409019,0.4429075422,0.5616262743,0.4116815988,0.3866406969,0.5965809027,0.5913161686,0.2531139913,0.2344789695,1.245384615,1.422884615,1.18,2.1575
8558395,Kilmarnock vs Hearts,Scotland Premiership,12,READY,SMALL SAMPLE,PRIOR / SHRINKAGE,DA,0.7468860087,0.7655210305,-1.863502179,0.741239658,0.7395436882,0.7655210305,0.7973101082,0.7908773708,3,3,36,36,0.07692307692,0.9230769231,0.045,0.7018860087,0.0250409019,0.4429075422,0.5616262743,0.4116815988,0.3866406969,0.5965809027,0.5913161686,0.2531139913,0.2344789695,1.245384615,1.422884615,1.18,2.1575
8551551,OFK Beograd vs Radnički Kragujevac,Serbia SuperLiga,1X,CRITICAL MISSING,SMALL SAMPLE,PRIOR / SHRINKAGE,DA,,,,0.8009765654,0.626032504,,0.7084718484,0.5040268577,4,5,60,60,0.0625,0.9375,0.045,,0.1963389419,,,0.5541511273,0.373967496,0.4300074514,0.4959731423,,,1.630176854,0.8664302885,1.3025,1.02
8551551,OFK Beograd vs Radnički Kragujevac,Serbia SuperLiga,X2,CRITICAL MISSING,SMALL SAMPLE,PRIOR / SHRINKAGE,DA,,,,0.4458488727,0.6421878147,,0.5699925486,0.7393127808,4,5,60,60,0.0625,0.9375,0.045,,0.1963389419,,,0.5541511273,0.373967496,0.4300074514,0.4959731423,,,1.630176854,0.8664302885,1.3025,1.02
8551551,OFK Beograd vs Radnički Kragujevac,Serbia SuperLiga,12,CRITICAL MISSING,SMALL SAMPLE,PRIOR / SHRINKAGE,DA,,,,0.7531745618,0.7317796814,,0.721535603,0.7566603614,4,5,60,60,0.0625,0.9375,0.045,,0.1963389419,,,0.5541511273,0.373967496,0.4300074514,0.4959731423,,,1.630176854,0.8664302885,1.3025,1.02
8551674,Radnik Surdulica vs Partizan,Serbia SuperLiga,1X,READY,SMALL SAMPLE,PRIOR / SHRINKAGE,DA,0.6814024646,0.501754386,17.96480786,0.7963923308,0.6310708109,0.501754386,0.6404736237,0.5825639319,5,4,60,60,0.07692307692,0.9230769231,0.045,0.6364024646,0.1873907935,0.4289377244,0.498245614,0.551339628,0.3689291891,0.3999116952,0.4174360681,0.2524647402,0.2526315789,1.648121566,0.8949879808,1.57,1.4775
8551674,Radnik Surdulica vs Partizan,Serbia SuperLiga,X2,READY,SMALL SAMPLE,PRIOR / SHRINKAGE,DA,0.5710622756,0.750877193,-17.98149174,0.448660372,0.6360511655,0.750877193,0.6000883048,0.6552454119,5,4,60,60,0.07692307692,0.9230769231,0.045,0.5260622756,0.1873907935,0.4289377244,0.498245614,0.551339628,0.3689291891,0.3999116952,0.4174360681,0.2524647402,0.2526315789,1.648121566,0.8949879808,1.57,1.4775
8551674,Radnik Surdulica vs Partizan,Serbia SuperLiga,12,READY,SMALL SAMPLE,PRIOR / SHRINKAGE,DA,0.7475352598,0.7473684211,0.01668387106,0.7549472972,0.7328780236,0.7473684211,0.7594380715,0.7621906562,5,4,60,60,0.07692307692,0.9230769231,0.045,0.7025352598,0.1873907935,0.4289377244,0.498245614,0.551339628,0.3689291891,0.3999116952,0.4174360681,0.2524647402,0.2526315789,1.648121566,0.8949879808,1.57,1.4775
8555849,Maccabi Haifa vs Ironi Tiberias,Israel Israeli Premier League,1X,READY,SMALL SAMPLE,PRIOR / SHRINKAGE,DA,0.7129500418,0.8608641071,-14.79140654,0.6825386318,0.6258587964,0.8608641071,0.7409321287,0.7283239028,2,2,28,28,0.06666666667,0.9333333333,0.045,0.6679500418,0.05909416352,0.4911744115,0.6799874464,0.4479347877,0.3888406241,0.5018422627,0.494057777,0.2217756303,0.1808766607,1.713833333,1.410666667,1.7075,1.16
8555849,Maccabi Haifa vs Ironi Tiberias,Israel Israeli Premier League,X2,READY,SMALL SAMPLE,PRIOR / SHRINKAGE,DA,0.5088255885,0.3200125536,18.88130349,0.5520652123,0.6111593759,0.3200125536,0.4981577373,0.505942223,2,2,28,28,0.06666666667,0.9333333333,0.045,0.4638255885,0.05909416352,0.4911744115,0.6799874464,0.4479347877,0.3888406241,0.5018422627,0.494057777,0.2217756303,0.1808766607,1.713833333,1.410666667,1.7075,1.16
8555849,Maccabi Haifa vs Ironi Tiberias,Israel Israeli Premier League,12,READY,SMALL SAMPLE,PRIOR / SHRINKAGE,DA,0.7782243697,0.8191233393,-4.089896957,0.7653961559,0.7629818277,0.8191233393,0.760910134,0.7657338742,2,2,28,28,0.06666666667,0.9333333333,0.045,0.7332243697,0.05909416352,0.4911744115,0.6799874464,0.4479347877,0.3888406241,0.5018422627,0.494057777,0.2217756303,0.1808766607,1.713833333,1.410666667,1.7075,1.16
8555899,Maccabi Netanya vs Maccabi Tel Aviv,Israel Israeli Premier League,1X,READY,SMALL SAMPLE,PRIOR / SHRINKAGE,DA,0.5878977477,0.4184033873,16.94943605,0.6622720562,0.6086434913,0.4184033873,0.4335855733,0.4782790415,2,2,28,28,0.06666666667,0.9333333333,0.045,0.5428977477,0.05467451603,0.4121022523,0.5815966127,0.4279454521,0.3913565087,0.5664144267,0.5217209585,0.2278875023,0.2075242459,1.688333333,1.477833333,1.325,2.1675
8555899,Maccabi Netanya vs Maccabi Tel Aviv,Israel Israeli Premier League,X2,READY,SMALL SAMPLE,PRIOR / SHRINKAGE,DA,0.6399897546,0.7891208587,-14.91311041,0.5720545479,0.6267290639,0.7891208587,0.7710135209,0.7314591636,2,2,28,28,0.06666666667,0.9333333333,0.045,0.5949897546,0.05467451603,0.4121022523,0.5815966127,0.4279454521,0.3913565087,0.5664144267,0.5217209585,0.2278875023,0.2075242459,1.688333333,1.477833333,1.325,2.1675
8555899,Maccabi Netanya vs Maccabi Tel Aviv,Israel Israeli Premier League,12,READY,SMALL SAMPLE,PRIOR / SHRINKAGE,DA,0.7721124977,0.7924757541,-2.036325641,0.7656733959,0.7646274448,0.7924757541,0.7954009058,0.790261795,2,2,28,28,0.06666666667,0.9333333333,0.045,0.7271124977,0.05467451603,0.4121022523,0.5815966127,0.4279454521,0.3913565087,0.5664144267,0.5217209585,0.2278875023,0.2075242459,1.688333333,1.477833333,1.325,2.1675
8574387,Alverca vs Rio Ave FC,Portugal Liga NOS,1X,READY,SMALL SAMPLE,PRIOR / SHRINKAGE,DA,0.6619267726,0.7658469748,-10.39202023,0.6249908746,0.6318783663,0.7658469748,0.7001125054,0.7093898744,3,3,53,53,0.05357142857,0.9464285714,0.045,0.6169267726,0.007796744391,0.4020129323,0.4903728276,0.3750091254,0.3777574635,0.4378917718,0.466278113,0.2599138403,0.2754741473,1.373348214,1.384404762,1.4325,1.138333333
8574387,Alverca vs Rio Ave FC,Portugal Liga NOS,X2,READY,SMALL SAMPLE,PRIOR / SHRINKAGE,DA,0.5979870677,0.5096271724,8.835989528,0.6300392809,0.6222425365,0.5096271724,0.5621082282,0.533721887,3,3,53,53,0.05357142857,0.9464285714,0.045,0.5529870677,0.007796744391,0.4020129323,0.4903728276,0.3750091254,0.3777574635,0.4378917718,0.466278113,0.2599138403,0.2754741473,1.373348214,1.384404762,1.4325,1.138333333
8574387,Alverca vs Rio Ave FC,Portugal Liga NOS,12,READY,SMALL SAMPLE,PRIOR / SHRINKAGE,DA,0.7400861597,0.7245258527,1.5560307,0.7449698445,0.7458790972,0.7245258527,0.7377792665,0.7568882386,3,3,53,53,0.05357142857,0.9464285714,0.045,0.6950861597,0.007796744391,0.4020129323,0.4903728276,0.3750091254,0.3777574635,0.4378917718,0.466278113,0.2599138403,0.2754741473,1.373348214,1.384404762,1.4325,1.138333333
8583486,İstanbul Başakşehir vs Gençlerbirliği,Turkey Süper Lig,1X,READY,SMALL SAMPLE,PRIOR / SHRINKAGE,DA,0.7114469727,0.8281372034,-11.66902307,0.6963732217,0.6249042441,0.8281372034,0.7940146619,0.626211162,3,2,45,45,0.0625,0.9375,0.045,0.6664469727,0.07487188028,0.4718580368,0.6098357297,0.4508227659,0.3759508856,0.5771344912,0.3894113841,0.2395889359,0.2183014737,1.599090204,1.269605496,1.964166667,1.088333333
8583486,İstanbul Başakşehir vs Gençlerbirliği,Turkey Süper Lig,X2,READY,SMALL SAMPLE,PRIOR / SHRINKAGE,DA,0.5281419632,0.3901642703,13.7977693,0.5491772341,0.6240491144,0.3901642703,0.4228655088,0.6105886159,3,2,45,45,0.0625,0.9375,0.045,0.4831419632,0.07487188028,0.4718580368,0.6098357297,0.4508227659,0.3759508856,0.5771344912,0.3894113841,0.2395889359,0.2183014737,1.599090204,1.269605496,1.964166667,1.088333333
8583486,İstanbul Başakşehir vs Gençlerbirliği,Turkey Süper Lig,12,READY,SMALL SAMPLE,PRIOR / SHRINKAGE,DA,0.7604110641,0.7816985263,-2.128746223,0.7544495442,0.7510466415,0.7816985263,0.7831198293,0.7632002221,3,2,45,45,0.0625,0.9375,0.045,0.7154110641,0.07487188028,0.4718580368,0.6098357297,0.4508227659,0.3759508856,0.5771344912,0.3894113841,0.2395889359,0.2183014737,1.599090204,1.269605496,1.964166667,1.088333333
8583547,Trabzonspor vs Galatasaray,Turkey Süper Lig,1X,READY,SMALL SAMPLE,PRIOR / SHRINKAGE,DA,0.6368688349,0.546230441,9.063839395,0.6904544814,0.620335936,0.546230441,0.6699339881,0.5440290003,2,2,45,45,0.04255319149,0.9574468085,0.045,0.5918688349,0.07390410813,0.3905507076,0.453769559,0.445795722,0.379664064,0.457195052,0.4559709997,0.2463181273,0.2475106686,1.602021277,1.295851064,2.0225,1.7025
8583547,Trabzonspor vs Galatasaray,Turkey Süper Lig,X2,READY,SMALL SAMPLE,PRIOR / SHRINKAGE,DA,0.6094492924,0.7012802276,-9.183093516,0.554204278,0.6281083861,0.7012802276,0.542804948,0.6819532564,2,2,45,45,0.04255319149,0.9574468085,0.045,0.5644492924,0.07390410813,0.3905507076,0.453769559,0.445795722,0.379664064,0.457195052,0.4559709997,0.2463181273,0.2475106686,1.602021277,1.295851064,2.0225,1.7025
8583547,Trabzonspor vs Galatasaray,Turkey Süper Lig,12,READY,SMALL SAMPLE,PRIOR / SHRINKAGE,DA,0.7536818727,0.7524893314,0.1192541215,0.7553412406,0.7515556779,0.7524893314,0.787261064,0.7740177433,2,2,45,45,0.04255319149,0.9574468085,0.045,0.7086818727,0.07390410813,0.3905507076,0.453769559,0.445795722,0.379664064,0.457195052,0.4559709997,0.2463181273,0.2475106686,1.602021277,1.295851064,2.0225,1.7025
8555903,Hapoel Be'er Sheva vs Ironi Kiryat Shmona,Israel Israeli Premier League,1X,READY,SMALL SAMPLE,PRIOR / SHRINKAGE,DA,0.7011235431,0.8357870119,-13.46634688,0.6722818173,0.624143526,0.8357870119,0.5936522222,0.6997736934,2,2,28,28,0.06666666667,0.9333333333,0.045,0.6561235431,0.05158147235,0.4737747763,0.627202385,0.4398260641,0.3882445918,0.4063477778,0.4786799901,0.2273487668,0.2085846269,1.728166667,1.465333333,1.9225,1.98
8555903,Hapoel Be'er Sheva vs Ironi Kiryat Shmona,Israel Israeli Premier League,X2,READY,SMALL SAMPLE,PRIOR / SHRINKAGE,DA,0.5262252237,0.372797615,15.34276088,0.5601739359,0.6117554082,0.372797615,0.6160853276,0.5213200099,2,2,28,28,0.06666666667,0.9333333333,0.045,0.4812252237,0.05158147235,0.4737747763,0.627202385,0.4398260641,0.3882445918,0.4063477778,0.4786799901,0.2273487668,0.2085846269,1.728166667,1.465333333,1.9225,1.98
8555903,Hapoel Be'er Sheva vs Ironi Kiryat Shmona,Israel Israeli Premier League,12,READY,SMALL SAMPLE,PRIOR / SHRINKAGE,DA,0.7726512332,0.7914153731,-1.876413994,0.7675442469,0.7641010658,0.7914153731,0.7902624502,0.7789062967,2,2,28,28,0.06666666667,0.9333333333,0.045,0.7276512332,0.05158147235,0.4737747763,0.627202385,0.4398260641,0.3882445918,0.4063477778,0.4786799901,0.2273487668,0.2085846269,1.728166667,1.465333333,1.9225,1.98
8419388,Gimnasia Mendoza vs Deportivo Riestra,,1X,CRITICAL MISSING,VERIFIED,,NU,,0.7417831325,,0.7655381956,0.654198898,0.7417831325,0.7655381956,0.654198898,12,12,390,390,1,0,0.025,,0.1247227959,,0.4065542169,0.4975413589,0.372818563,0.4975413589,0.372818563,,0.3352289157,1.44,0.8966666667,1.44,0.8966666667
8419388,Gimnasia Mendoza vs Deportivo Riestra,,X2,CRITICAL MISSING,VERIFIED,,NU,,0.5934457831,,0.5024586411,0.627181437,0.5934457831,0.5024586411,0.627181437,12,12,390,390,1,0,0.025,,0.1247227959,,0.4065542169,0.4975413589,0.372818563,0.4975413589,0.372818563,,0.3352289157,1.44,0.8966666667,1.44,0.8966666667
8419388,Gimnasia Mendoza vs Deportivo Riestra,,12,CRITICAL MISSING,VERIFIED,,NU,,0.6647710843,,0.7320031633,0.718619665,0.6647710843,0.7320031633,0.718619665,12,12,390,390,1,0,0.025,,0.1247227959,,0.4065542169,0.4975413589,0.372818563,0.4975413589,0.372818563,,0.3352289157,1.44,0.8966666667,1.44,0.8966666667
8419459,Gimnasia La Plata vs Banfield,,1X,CRITICAL MISSING,VERIFIED,,NU,,0.7830018083,,0.7398986077,0.6493154291,0.7830018083,0.7398986077,0.6493154291,12,13,390,390,1,0,0.025,,0.1004272049,,0.5220012055,0.4938235934,0.3933963885,0.4938235934,0.3933963885,,0.2610006028,1.630384615,1.113974359,1.630384615,1.113974359
8419459,Gimnasia La Plata vs Banfield,,X2,CRITICAL MISSING,VERIFIED,,NU,,0.4779987945,,0.5061764066,0.6066036115,0.4779987945,0.5061764066,0.6066036115,12,13,390,390,1,0,0.025,,0.1004272049,,0.5220012055,0.4938235934,0.3933963885,0.4938235934,0.3933963885,,0.2610006028,1.630384615,1.113974359,1.630384615,1.113974359
8419459,Gimnasia La Plata vs Banfield,,12,CRITICAL MISSING,VERIFIED,,NU,,0.7389993972,,0.7539249857,0.7440809594,0.7389993972,0.7539249857,0.7440809594,12,13,390,390,1,0,0.025,,0.1004272049,,0.5220012055,0.4938235934,0.3933963885,0.4938235934,0.3933963885,,0.2610006028,1.630384615,1.113974359,1.630384615,1.113974359
8555860,Beitar Jerusalem vs Hapoel Haifa,Israel Israeli Premier League,1X,READY,SMALL SAMPLE,PRIOR / SHRINKAGE,DA,0.6864845315,0.7782760691,-9.179153757,0.6759836248,0.6156948074,0.7782760691,0.6441281506,0.5776501057,2,2,28,28,0.06666666667,0.9333333333,0.045,0.6414845315,0.06426370036,0.4538731002,0.5508669091,0.4429630641,0.3843051926,0.4256315571,0.4223498943,0.2326114312,0.2274091599,1.725833333,1.447666667,1.8875,1.715
8555860,Beitar Jerusalem vs Hapoel Haifa,Israel Israeli Premier League,X2,READY,SMALL SAMPLE,PRIOR / SHRINKAGE,DA,0.5461268998,0.4491330909,9.699380889,0.5570369359,0.6213006363,0.4491330909,0.5743684429,0.6629723848,2,2,28,28,0.06666666667,0.9333333333,0.045,0.5011268998,0.06426370036,0.4538731002,0.5508669091,0.4429630641,0.3843051926,0.4256315571,0.4223498943,0.2326114312,0.2274091599,1.725833333,1.447666667,1.8875,1.715
8555860,Beitar Jerusalem vs Hapoel Haifa,Israel Israeli Premier League,12,READY,SMALL SAMPLE,PRIOR / SHRINKAGE,DA,0.7673885688,0.7725908401,-0.5202271322,0.7669794393,0.7630045563,0.7725908401,0.7815034065,0.7593775096,2,2,28,28,0.06666666667,0.9333333333,0.045,0.7223885688,0.06426370036,0.4538731002,0.5508669091,0.4429630641,0.3843051926,0.4256315571,0.4223498943,0.2326114312,0.2274091599,1.725833333,1.447666667,1.8875,1.715
8561285,Debrecen vs Vasas,Hungary NB I,1X,READY,SMALL SAMPLE,PRIOR / SHRINKAGE,DA,0.6620428795,0.651396648,1.064623145,0.6920391923,0.6126964854,0.651396648,0.6862339164,0.5742794999,4,3,41,41,0.08888888889,0.9111111111,0.045,0.6170428795,0.08166598235,0.4246886346,0.3947858473,0.4618782245,0.3873035146,0.4177346749,0.4257205001,0.2373542449,0.2566108007,1.783330808,1.421083333,1.355833333,1.1375
8561285,Debrecen vs Vasas,Hungary NB I,X2,READY,SMALL SAMPLE,PRIOR / SHRINKAGE,DA,0.5753113654,0.6052141527,-2.990278731,0.5381217755,0.6197877578,0.6052141527,0.5822653251,0.6676119428,4,3,41,41,0.08888888889,0.9111111111,0.045,0.5303113654,0.08166598235,0.4246886346,0.3947858473,0.4618782245,0.3873035146,0.4177346749,0.4257205001,0.2373542449,0.2566108007,1.783330808,1.421083333,1.355833333,1.1375
8561285,Debrecen vs Vasas,Hungary NB I,12,READY,SMALL SAMPLE,PRIOR / SHRINKAGE,DA,0.7626457551,0.7433891993,1.925655587,0.7698390322,0.7675157567,0.7433891993,0.7315007585,0.7581085573,4,3,41,41,0.08888888889,0.9111111111,0.045,0.7176457551,0.08166598235,0.4246886346,0.3947858473,0.4618782245,0.3873035146,0.4177346749,0.4257205001,0.2373542449,0.2566108007,1.783330808,1.421083333,1.355833333,1.1375
8565779,Grazer AK vs Austria Wien,Austria Bundesliga,1X,READY,SMALL SAMPLE,PRIOR / SHRINKAGE,DA,0.6864214987,0.6602316602,2.618983852,0.732174571,0.6211051928,0.6602316602,0.8027512896,0.5980904982,2,3,36,36,0.05263157895,0.9473684211,0.045,0.6414214987,0.1191888429,0.4363345543,0.3822393822,0.4940958926,0.3788948072,0.562333374,0.4019095018,0.2500869445,0.277992278,1.715145074,1.201771255,1.690833333,0.8925
8565779,Grazer AK vs Austria Wien,Austria Bundesliga,X2,READY,SMALL SAMPLE,PRIOR / SHRINKAGE,DA,0.5636654457,0.6177606178,-5.409517203,0.5059041074,0.6250929503,0.6177606178,0.437666626,0.6503450981,2,3,36,36,0.05263157895,0.9473684211,0.045,0.5186654457,0.1191888429,0.4363345543,0.3822393822,0.4940958926,0.3788948072,0.562333374,0.4019095018,0.2500869445,0.277992278,1.715145074,1.201771255,1.690833333,0.8925
8565779,Grazer AK vs Austria Wien,Austria Bundesliga,12,READY,SMALL SAMPLE,PRIOR / SHRINKAGE,DA,0.7499130555,0.722007722,2.790533351,0.7619213216,0.7538018569,0.722007722,0.7595820844,0.7515644037,2,3,36,36,0.05263157895,0.9473684211,0.045,0.7049130555,0.1191888429,0.4363345543,0.3822393822,0.4940958926,0.3788948072,0.562333374,0.4019095018,0.2500869445,0.277992278,1.715145074,1.201771255,1.690833333,0.8925
8579574,CS U Craiova vs FCSB,Romania Liga I,1X,READY,SMALL SAMPLE,PRIOR / SHRINKAGE,DA,0.7649940325,0.7718894009,-0.6895368461,0.8252231897,0.6376403495,0.7718894009,0.8250543962,0.6869981744,5,4,71,71,0.06578947368,0.9342105263,0.045,0.7199940325,0.2188194362,0.5176125593,0.5184331797,0.5902788312,0.3714593951,0.6074155762,0.4524359292,0.2473814731,0.2534562212,1.729387939,0.8186021382,1.915,0.9175
8579574,CS U Craiova vs FCSB,Romania Liga I,X2,READY,SMALL SAMPLE,PRIOR / SHRINKAGE,DA,0.4823874407,0.4815668203,0.08206204013,0.4097211688,0.6285406049,0.4815668203,0.3925844238,0.5475640708,5,4,71,71,0.06578947368,0.9342105263,0.045,0.4373874407,0.2188194362,0.5176125593,0.5184331797,0.5902788312,0.3714593951,0.6074155762,0.4524359292,0.2473814731,0.2534562212,1.729387939,0.8186021382,1.915,0.9175
8579574,CS U Craiova vs FCSB,Romania Liga I,12,READY,SMALL SAMPLE,PRIOR / SHRINKAGE,DA,0.7526185269,0.7465437788,0.6074748059,0.7650556415,0.7338190456,0.7465437788,0.7823611799,0.7654377548,5,4,71,71,0.06578947368,0.9342105263,0.045,0.7076185269,0.2188194362,0.5176125593,0.5184331797,0.5902788312,0.3714593951,0.6074155762,0.4524359292,0.2473814731,0.2534562212,1.729387939,0.8186021382,1.915,0.9175
8614541,Ascoli vs Avellino,Italy Serie B,1X,READY,SMALL SAMPLE,PRIOR / SHRINKAGE,DA,0.6742197524,0.7382296,-6.40098476,0.6607817154,0.6370859788,0.7382296,0.8271935569,0.7105101449,2,1,40,40,0.04761904762,0.9523809524,0.045,0.6292197524,0.02369573665,0.4010693424,0.4443712156,0.3944412972,0.3710235597,0.586682238,0.4557884684,0.27315041,0.2938583845,1.333768873,1.216826365,1.675,0.7825
8614541,Ascoli vs Avellino,Italy Serie B,X2,READY,SMALL SAMPLE,PRIOR / SHRINKAGE,DA,0.5989306576,0.5556287844,4.330187312,0.6055587028,0.6289764403,0.5556287844,0.413317762,0.5442115316,2,1,40,40,0.04761904762,0.9523809524,0.045,0.5539306576,0.02369573665,0.4010693424,0.4443712156,0.3944412972,0.3710235597,0.586682238,0.4557884684,0.27315041,0.2938583845,1.333768873,1.216826365,1.675,0.7825
8614541,Ascoli vs Avellino,Italy Serie B,12,READY,SMALL SAMPLE,PRIOR / SHRINKAGE,DA,0.72684959,0.7061416155,2.070797448,0.7336595818,0.7339375809,0.7061416155,0.7594886811,0.7452783235,2,1,40,40,0.04761904762,0.9523809524,0.045,0.68184959,0.02369573665,0.4010693424,0.4443712156,0.3944412972,0.3710235597,0.586682238,0.4557884684,0.27315041,0.2938583845,1.333768873,1.216826365,1.675,0.7825
8546200,Istra 1961 vs Gorica,Croatia Prva HNL,1X,READY,SMALL SAMPLE,PRIOR / SHRINKAGE,DA,0.7244018944,0.7410582559,-1.665636149,0.7663538485,0.6238416248,0.7410582559,0.7609699996,0.7115788715,4,3,34,34,0.1052631579,0.8947368421,0.045,0.6794018944,0.1604315837,0.4938296015,0.4745005782,0.5537498039,0.3933182202,0.5448286529,0.4771644839,0.2305722929,0.2665576777,2.048122333,1.26958037,2,1.263333333
8546200,Istra 1961 vs Gorica,Croatia Prva HNL,X2,READY,SMALL SAMPLE,PRIOR / SHRINKAGE,DA,0.5061703985,0.5254994218,-1.932902336,0.4462501961,0.6066817798,0.5254994218,0.4551713471,0.5228355161,4,3,34,34,0.1052631579,0.8947368421,0.045,0.4611703985,0.1604315837,0.4938296015,0.4745005782,0.5537498039,0.3933182202,0.5448286529,0.4771644839,0.2305722929,0.2665576777,2.048122333,1.26958037,2,1.263333333
8546200,Istra 1961 vs Gorica,Croatia Prva HNL,12,READY,SMALL SAMPLE,PRIOR / SHRINKAGE,DA,0.7694277071,0.7334423223,3.598538485,0.7873959554,0.7694765954,0.7334423223,0.7838586532,0.7655856124,4,3,34,34,0.1052631579,0.8947368421,0.045,0.7244277071,0.1604315837,0.4938296015,0.4745005782,0.5537498039,0.3933182202,0.5448286529,0.4771644839,0.2305722929,0.2665576777,2.048122333,1.26958037,2,1.263333333
8547844,Ajax vs Excelsior,Netherlands Eredivisie,1X,READY,SMALL SAMPLE,PRIOR / SHRINKAGE,DA,0.6296732793,0.8876005362,-25.79272569,0.5102823309,0.6105279192,0.8876005362,0.5702737378,0.7228993044,3,3,54,54,0.05263157895,0.9473684211,0.045,0.5846732793,0.1002455883,0.4388391668,0.740616622,0.4897176691,0.4014262333,0.4297262622,0.5114533522,0.1908341125,0.1469839142,1.732675439,2.207368421,1.830833333,2.01
8547844,Ajax vs Excelsior,Netherlands Eredivisie,X2,READY,SMALL SAMPLE,PRIOR / SHRINKAGE,DA,0.5611608332,0.259383378,30.17774552,0.693343094,0.5985737667,0.259383378,0.6406232976,0.4885466478,3,3,54,54,0.05263157895,0.9473684211,0.045,0.5161608332,0.1002455883,0.4388391668,0.740616622,0.4897176691,0.4014262333,0.4297262622,0.5114533522,0.1908341125,0.1469839142,1.732675439,2.207368421,1.830833333,2.01
8547844,Ajax vs Excelsior,Netherlands Eredivisie,12,READY,SMALL SAMPLE,PRIOR / SHRINKAGE,DA,0.8091658875,0.8530160858,-4.385019826,0.7963745751,0.7908983141,0.8530160858,0.7891029646,0.7885540478,3,3,54,54,0.05263157895,0.9473684211,0.045,0.7641658875,0.1002455883,0.4388391668,0.740616622,0.4897176691,0.4014262333,0.4297262622,0.5114533522,0.1908341125,0.1469839142,1.732675439,2.207368421,1.830833333,2.01
8551303,Metz vs Saint-Étienne,France Ligue 2,1X,READY,SMALL SAMPLE,PRIOR / SHRINKAGE,DA,0.6286341864,0.5392575558,8.937663059,0.6735359145,0.6282073609,0.5392575558,0.6169448973,0.4895570417,3,3,54,54,0.05263157895,0.9473684211,0.045,0.5836341864,0.04779248958,0.3713658136,0.4607424442,0.4049090799,0.3717926391,0.3886346856,0.5104429583,0.270499382,0.273653088,1.334824561,1.169912281,1.681666667,1.668333333
8551303,Metz vs Saint-Étienne,France Ligue 2,X2,READY,SMALL SAMPLE,PRIOR / SHRINKAGE,DA,0.6418651955,0.7343955322,-9.253033667,0.5950909201,0.6428834097,0.7343955322,0.6113653144,0.7450966374,3,3,54,54,0.05263157895,0.9473684211,0.045,0.5968651955,0.04779248958,0.3713658136,0.4607424442,0.4049090799,0.3717926391,0.3886346856,0.5104429583,0.270499382,0.273653088,1.334824561,1.169912281,1.681666667,1.668333333
8551303,Metz vs Saint-Étienne,France Ligue 2,12,READY,SMALL SAMPLE,PRIOR / SHRINKAGE,DA,0.729500618,0.726346912,0.315370608,0.7313731654,0.7289092295,0.726346912,0.7716897883,0.7653463209,3,3,54,54,0.05263157895,0.9473684211,0.045,0.684500618,0.04779248958,0.3713658136,0.4607424442,0.4049090799,0.3717926391,0.3886346856,0.5104429583,0.270499382,0.273653088,1.334824561,1.169912281,1.681666667,1.668333333
8550480,Motor Lublin vs Górnik Zabrze,Poland Ekstraklasa,1X,READY,SMALL SAMPLE,PRIOR / SHRINKAGE,DA,0.6409314899,0.5611655067,7.976598319,0.6923237417,0.6179129694,0.5611655067,0.4883101529,0.5068786965,4,4,69,69,0.05479452055,0.9452054795,0.045,0.5959314899,0.0770972764,0.3911899922,0.4388344933,0.4467784934,0.3820870306,0.5116898471,0.4931213035,0.2497414977,0.2596437419,1.594292237,1.282671233,1.1125,1.7025
8550480,Motor Lublin vs Górnik Zabrze,Poland Ekstraklasa,X2,READY,SMALL SAMPLE,PRIOR / SHRINKAGE,DA,0.6088100078,0.6984782352,-8.966822739,0.5532215066,0.630318783,0.6984782352,0.7515324827,0.7257673364,4,4,69,69,0.05479452055,0.9452054795,0.045,0.5638100078,0.0770972764,0.3911899922,0.4388344933,0.4467784934,0.3820870306,0.5116898471,0.4931213035,0.2497414977,0.2596437419,1.594292237,1.282671233,1.1125,1.7025
8550480,Motor Lublin vs Górnik Zabrze,Poland Ekstraklasa,12,READY,SMALL SAMPLE,PRIOR / SHRINKAGE,DA,0.7502585023,0.7403562581,0.9902244203,0.7544547518,0.7517682476,0.7403562581,0.7601573644,0.7673539671,4,4,69,69,0.05479452055,0.9452054795,0.045,0.7052585023,0.0770972764,0.3911899922,0.4388344933,0.4467784934,0.3820870306,0.5116898471,0.4931213035,0.2497414977,0.2596437419,1.594292237,1.282671233,1.1125,1.7025
8559096,Maribor vs Aluminij,Slovenia PrvaLiga,1X,CRITICAL MISSING,SMALL SAMPLE,PRIOR / SHRINKAGE,DA,,,,0.5825901717,0.6363573848,,0.673058468,0.7219052622,4,3,44,44,0.08333333333,0.9166666667,0.045,,0.05376721313,,,0.4174098283,0.3811971743,0.4354273604,0.4685340453,,,1.294565603,1.486710993,1.6625,1.4125
8559096,Maribor vs Aluminij,Slovenia PrvaLiga,X2,CRITICAL MISSING,SMALL SAMPLE,PRIOR / SHRINKAGE,DA,,,,0.6698636058,0.6188028257,,0.5645726396,0.5314659547,4,3,44,44,0.08333333333,0.9166666667,0.045,,0.05376721313,,,0.4174098283,0.3811971743,0.4354273604,0.4685340453,,,1.294565603,1.486710993,1.6625,1.4125
8559096,Maribor vs Aluminij,Slovenia PrvaLiga,12,CRITICAL MISSING,SMALL SAMPLE,PRIOR / SHRINKAGE,DA,,,,0.7475462225,0.7448397895,,0.7623688924,0.7466287831,4,3,44,44,0.08333333333,0.9166666667,0.045,,0.05376721313,,,0.4174098283,0.3811971743,0.4354273604,0.4685340453,,,1.294565603,1.486710993,1.6625,1.4125
8554528,Sion vs Zürich,Switzerland Super League,1X,READY,SMALL SAMPLE,PRIOR / SHRINKAGE,DA,0.6581187766,0.8132147395,-15.50959629,0.6025278008,0.6142047655,0.8132147395,0.7655115398,0.7221798138,4,4,48,48,0.07692307692,0.9230769231,0.045,0.6131187766,0.01190218828,0.4526137103,0.6226175349,0.3974721992,0.4038805609,0.5644484216,0.5151539323,0.2055050664,0.1905972046,1.931730769,1.945769231,2.2325,1.395
8554528,Sion vs Zürich,Switzerland Super League,X2,READY,SMALL SAMPLE,PRIOR / SHRINKAGE,DA,0.5473862897,0.3773824651,17.00038247,0.6080216274,0.5961194391,0.3773824651,0.4355515784,0.4848460677,4,4,48,48,0.07692307692,0.9230769231,0.045,0.5023862897,0.01190218828,0.4526137103,0.6226175349,0.3974721992,0.4038805609,0.5644484216,0.5151539323,0.2055050664,0.1905972046,1.931730769,1.945769231,2.2325,1.395
8554528,Sion vs Zürich,Switzerland Super League,12,READY,SMALL SAMPLE,PRIOR / SHRINKAGE,DA,0.7944949336,0.8094027954,-1.490786178,0.7894505719,0.7896757954,0.8094027954,0.7989368818,0.7929741185,4,4,48,48,0.07692307692,0.9230769231,0.045,0.7494949336,0.01190218828,0.4526137103,0.6226175349,0.3974721992,0.4038805609,0.5644484216,0.5151539323,0.2055050664,0.1905972046,1.931730769,1.945769231,2.2325,1.395
8572765,Dynamo Dresden vs Hertha BSC,Germany 2. Bundesliga,1X,READY,SMALL SAMPLE,PRIOR / SHRINKAGE,DA,0.6199602432,0.6219949728,-0.2034729641,0.6274369853,0.6029720293,0.6219949728,0.5213325956,0.4441080593,2,3,45,45,0.04255319149,0.9574468085,0.045,0.5749602432,0.02446495603,0.3955521862,0.3948052506,0.4037953802,0.3970279707,0.4786674044,0.5558919407,0.224408057,0.2271897222,1.773982713,1.698106161,1.363333333,1.8025
8572765,Dynamo Dresden vs Hertha BSC,Germany 2. Bundesliga,X2,READY,SMALL SAMPLE,PRIOR / SHRINKAGE,DA,0.6044478138,0.6051947494,-0.0746935547,0.5962046198,0.6201872665,0.6051947494,0.7085143829,0.7586806163,2,3,45,45,0.04255319149,0.9574468085,0.045,0.5594478138,0.02446495603,0.3955521862,0.3948052506,0.4037953802,0.3970279707,0.4786674044,0.5558919407,0.224408057,0.2271897222,1.773982713,1.698106161,1.363333333,1.8025
8572765,Dynamo Dresden vs Hertha BSC,Germany 2. Bundesliga,12,READY,SMALL SAMPLE,PRIOR / SHRINKAGE,DA,0.775591943,0.7728102778,0.2781665188,0.7763583949,0.7768407043,0.7728102778,0.7701530215,0.7972113244,2,3,45,45,0.04255319149,0.9574468085,0.045,0.730591943,0.02446495603,0.3955521862,0.3948052506,0.4037953802,0.3970279707,0.4786674044,0.5558919407,0.224408057,0.2271897222,1.773982713,1.698106161,1.363333333,1.8025
8545038,Venezia vs Lazio,Italy Serie A,1X,READY,SMALL SAMPLE,PRIOR / SHRINKAGE,DA,0.595501876,0.5341920782,6.130979779,0.6161718056,0.6154718144,0.5341920782,0.4430688892,0.4637190148,2,2,40,40,0.04761904762,0.9523809524,0.045,0.550501876,0.0009474611593,0.404498124,0.4658079218,0.3838281944,0.3845281856,0.5569311108,0.5362809852,0.2484661395,0.2574882679,1.459642857,1.489047619,1.1525,1.94
8545038,Venezia vs Lazio,Italy Serie A,X2,READY,SMALL SAMPLE,PRIOR / SHRINKAGE,DA,0.6529642635,0.7232961897,-7.033192622,0.6292044677,0.6301519289,0.7232961897,0.7767740643,0.7645891931,2,2,40,40,0.04761904762,0.9523809524,0.045,0.6079642635,0.0009474611593,0.404498124,0.4658079218,0.3838281944,0.3845281856,0.5569311108,0.5362809852,0.2484661395,0.2574882679,1.459642857,1.489047619,1.1525,1.94
8545038,Venezia vs Lazio,Italy Serie A,12,READY,SMALL SAMPLE,PRIOR / SHRINKAGE,DA,0.7515338605,0.7425117321,0.9022128426,0.7546237267,0.7543762567,0.7425117321,0.7801570465,0.7716917921,2,2,40,40,0.04761904762,0.9523809524,0.045,0.7065338605,0.0009474611593,0.404498124,0.4658079218,0.3838281944,0.3845281856,0.5569311108,0.5362809852,0.2484661395,0.2574882679,1.459642857,1.489047619,1.1525,1.94
8548609,Le Mans vs Lorient,France Ligue 1,1X,READY,SMALL SAMPLE,PRIOR / SHRINKAGE,DA,0.630894087,0.628182653,0.2711433989,0.6351727509,0.6250481931,0.628182653,0.5877868936,0.5858617463,2,2,36,36,0.05263157895,0.9473684211,0.045,0.585894087,0.01012455785,0.3715974463,0.371817347,0.3803777979,0.3749518069,0.4122131064,0.4141382537,0.2592966407,0.2733951081,1.397763158,1.363684211,1.2275,1.41
8548609,Le Mans vs Lorient,France Ligue 1,X2,READY,SMALL SAMPLE,PRIOR / SHRINKAGE,DA,0.6284025537,0.6452124551,-1.680990143,0.6196222021,0.6291533554,0.6452124551,0.672646993,0.662669018,2,2,36,36,0.05263157895,0.9473684211,0.045,0.5834025537,0.01012455785,0.3715974463,0.371817347,0.3803777979,0.3749518069,0.4122131064,0.4141382537,0.2592966407,0.2733951081,1.397763158,1.363684211,1.2275,1.41
8548609,Le Mans vs Lorient,France Ligue 1,12,READY,SMALL SAMPLE,PRIOR / SHRINKAGE,DA,0.7407033593,0.7266048919,1.409846744,0.745205047,0.7457984515,0.7266048919,0.7395661133,0.7514692357,2,2,36,36,0.05263157895,0.9473684211,0.045,0.6957033593,0.01012455785,0.3715974463,0.371817347,0.3803777979,0.3749518069,0.4122131064,0.4141382537,0.2592966407,0.2733951081,1.397763158,1.363684211,1.2275,1.41
8548625,Olympique Lyonnais vs Rennes,France Ligue 1,1X,READY,SMALL SAMPLE,PRIOR / SHRINKAGE,DA,0.6463263141,0.6764431913,-3.011687716,0.6403235496,0.628214966,0.6764431913,0.6514595443,0.6454523788,2,1,36,36,0.05263157895,0.9473684211,0.045,0.6013263141,0.01263734117,0.3966777058,0.4393393923,0.3866695907,0.3740322495,0.4161758565,0.3965812127,0.2496486083,0.237103799,1.420359175,1.361009957,1.6575,1.5
8548625,Olympique Lyonnais vs Rennes,France Ligue 1,X2,READY,SMALL SAMPLE,PRIOR / SHRINKAGE,DA,0.6033222942,0.5606606077,4.266168645,0.6133304093,0.6259677505,0.5606606077,0.5838241435,0.6034187873,2,1,36,36,0.05263157895,0.9473684211,0.045,0.5583222942,0.01263734117,0.3966777058,0.4393393923,0.3866695907,0.3740322495,0.4161758565,0.3965812127,0.2496486083,0.237103799,1.420359175,1.361009957,1.6575,1.5
8548625,Olympique Lyonnais vs Rennes,France Ligue 1,12,READY,SMALL SAMPLE,PRIOR / SHRINKAGE,DA,0.7503513917,0.762896201,-1.254480929,0.7463460412,0.7458172835,0.762896201,0.7647163122,0.7511288338,2,1,36,36,0.05263157895,0.9473684211,0.045,0.7053513917,0.01263734117,0.3966777058,0.4393393923,0.3866695907,0.3740322495,0.4161758565,0.3965812127,0.2496486083,0.237103799,1.420359175,1.361009957,1.6575,1.5
8548626,Toulouse vs Le Havre,France Ligue 1,1X,READY,SMALL SAMPLE,PRIOR / SHRINKAGE,DA,0.672185209,0.7884980989,-11.63128898,0.6364051928,0.6274323518,0.7884980989,0.6234627611,0.6312288403,2,1,36,36,0.05263157895,0.9473684211,0.045,0.627185209,0.008972841002,0.4174038831,0.5346958175,0.3812361035,0.3725676482,0.3765372389,0.3687711597,0.2547813259,0.2538022814,1.396418919,1.357802276,1.1625,1.225
8548626,Toulouse vs Le Havre,France Ligue 1,X2,READY,SMALL SAMPLE,PRIOR / SHRINKAGE,DA,0.5825961169,0.4653041825,11.72919344,0.6187638965,0.627552492,0.4653041825,0.6538444987,0.6335775938,2,1,36,36,0.05263157895,0.9473684211,0.045,0.5375961169,0.008972841002,0.4174038831,0.5346958175,0.3812361035,0.3725676482,0.3765372389,0.3687711597,0.2547813259,0.2538022814,1.396418919,1.357802276,1.1625,1.225
8548626,Toulouse vs Le Havre,France Ligue 1,12,READY,SMALL SAMPLE,PRIOR / SHRINKAGE,DA,0.7452186741,0.7461977186,-0.09790445576,0.7448309107,0.7450151562,0.7461977186,0.7226927401,0.7351935659,2,1,36,36,0.05263157895,0.9473684211,0.045,0.7002186741,0.008972841002,0.4174038831,0.5346958175,0.3812361035,0.3725676482,0.3765372389,0.3687711597,0.2547813259,0.2538022814,1.396418919,1.357802276,1.1625,1.225
8548634,Angers SCO vs Troyes,France Ligue 1,1X,READY,SMALL SAMPLE,PRIOR / SHRINKAGE,DA,0.6526277678,0.7079646018,-5.533683394,0.6364390053,0.6296684589,0.7079646018,0.6134565241,0.6715065556,2,2,36,36,0.05263157895,0.9473684211,0.045,0.6076277678,0.006770546419,0.3911338878,0.4247787611,0.3820325886,0.375691613,0.3865434759,0.4275448786,0.26149388,0.2831858407,1.404473684,1.363947368,1.355,1.415
8548634,Angers SCO vs Troyes,France Ligue 1,X2,READY,SMALL SAMPLE,PRIOR / SHRINKAGE,DA,0.6088661122,0.5752212389,3.364487326,0.6179674114,0.624308387,0.5752212389,0.6407949988,0.5724551214,2,2,36,36,0.05263157895,0.9473684211,0.045,0.5638661122,0.006770546419,0.3911338878,0.4247787611,0.3820325886,0.375691613,0.3865434759,0.4275448786,0.26149388,0.2831858407,1.404473684,1.363947368,1.355,1.415
8548634,Angers SCO vs Troyes,France Ligue 1,12,READY,SMALL SAMPLE,PRIOR / SHRINKAGE,DA,0.73850612,0.7168141593,2.169196067,0.7455935832,0.7460231541,0.7168141593,0.7457484771,0.756038323,2,2,36,36,0.05263157895,0.9473684211,0.045,0.69350612,0.006770546419,0.3911338878,0.4247787611,0.3820325886,0.375691613,0.3865434759,0.4275448786,0.26149388,0.2831858407,1.404473684,1.363947368,1.355,1.415
8562299,Lommel United vs KV Mechelen,Belgium Pro League,1X,CRITICAL MISSING,SMALL SAMPLE,PRIOR / SHRINKAGE,DA,,,,0.7075140587,0.6220167725,,0.7257051265,0.6465122238,3,3,54,54,0.05263157895,0.9473684211,0.045,,0.09000458317,,,0.4705027666,0.3804981835,0.4677604645,0.4018050291,,,1.710570175,1.302412281,1.500833333,1.085833333
8562299,Lommel United vs KV Mechelen,Belgium Pro League,X2,CRITICAL MISSING,SMALL SAMPLE,PRIOR / SHRINKAGE,DA,,,,0.5294972334,0.6195018165,,0.5322395355,0.5981949709,3,3,54,54,0.05263157895,0.9473684211,0.045,,0.09000458317,,,0.4705027666,0.3804981835,0.4677604645,0.4018050291,,,1.710570175,1.302412281,1.500833333,1.085833333
8562299,Lommel United vs KV Mechelen,Belgium Pro League,12,CRITICAL MISSING,SMALL SAMPLE,PRIOR / SHRINKAGE,DA,,,,0.762988708,0.7584814109,,0.742055338,0.7552928054,3,3,54,54,0.05263157895,0.9473684211,0.045,,0.09000458317,,,0.4705027666,0.3804981835,0.4677604645,0.4018050291,,,1.710570175,1.302412281,1.500833333,1.085833333
8562303,RSC Anderlecht vs Zulte-Waregem,Belgium Pro League,1X,READY,SMALL SAMPLE,PRIOR / SHRINKAGE,DA,0.7060746349,0.7897189401,-8.364430521,0.7073227194,0.6199341607,0.7897189401,0.7248255198,0.6065997992,3,3,54,54,0.05263157895,0.9473684211,0.045,0.6610746349,0.09231964287,0.4608947144,0.5274453105,0.4694843966,0.3800658393,0.4443814241,0.3934002008,0.2451799205,0.2622736296,1.700350877,1.296008772,1.306666667,0.9641666667
8562303,RSC Anderlecht vs Zulte-Waregem,Belgium Pro League,X2,READY,SMALL SAMPLE,PRIOR / SHRINKAGE,DA,0.5391052856,0.4725546895,6.65505961,0.5305156034,0.6228352463,0.4725546895,0.5556185759,0.6670243158,3,3,54,54,0.05263157895,0.9473684211,0.045,0.4941052856,0.09231964287,0.4608947144,0.5274453105,0.4694843966,0.3800658393,0.4443814241,0.3934002008,0.2451799205,0.2622736296,1.700350877,1.296008772,1.306666667,0.9641666667
8562303,RSC Anderlecht vs Zulte-Waregem,Belgium Pro League,12,READY,SMALL SAMPLE,PRIOR / SHRINKAGE,DA,0.7548200795,0.7377263704,1.709370911,0.7621616772,0.7572305931,0.7377263704,0.7195559043,0.726375885,3,3,54,54,0.05263157895,0.9473684211,0.045,0.7098200795,0.09231964287,0.4608947144,0.5274453105,0.4694843966,0.3800658393,0.4443814241,0.3934002008,0.2451799205,0.2622736296,1.700350877,1.296008772,1.306666667,0.9641666667
8409647,Atlético Mineiro vs Chapecoense,Brazil Serie A,1X,READY,VERIFIED,,NU,0.7730934697,0.8691621304,-9.606866077,0.7614038404,0.7004040674,0.8691621304,0.7614038404,0.7004040674,12,13,267,267,1,0,0.025,0.7480934697,0.07305567982,0.5457710305,0.6605056587,0.5318780478,0.4588223679,0.5318780478,0.4588223679,0.2273224391,0.2086564717,1.823141026,1.147307692,1.823141026,1.147307692
8409647,Atlético Mineiro vs Chapecoense,Brazil Serie A,X2,READY,VERIFIED,,NU,0.4542289695,0.3394943413,11.47346282,0.4681219522,0.5411776321,0.3394943413,0.4681219522,0.5411776321,12,13,267,267,1,0,0.025,0.4292289695,0.07305567982,0.5457710305,0.6605056587,0.5318780478,0.4588223679,0.5318780478,0.4588223679,0.2273224391,0.2086564717,1.823141026,1.147307692,1.823141026,1.147307692
8409647,Atlético Mineiro vs Chapecoense,Brazil Serie A,12,READY,VERIFIED,,NU,0.7726775609,0.7913435283,-1.866596742,0.7704742073,0.7584183005,0.7913435283,0.7704742073,0.7584183005,12,13,267,267,1,0,0.025,0.7476775609,0.07305567982,0.5457710305,0.6605056587,0.5318780478,0.4588223679,0.5318780478,0.4588223679,0.2273224391,0.2086564717,1.823141026,1.147307692,1.823141026,1.147307692
8547688,Willem II vs Fortuna Sittard,Netherlands Eredivisie,1X,READY,SMALL SAMPLE,PRIOR / SHRINKAGE,DA,0.5607966174,0.6311252621,-7.032864472,0.5061489119,0.5997633837,0.6311252621,0.490938018,0.5164684393,3,3,54,54,0.05263157895,0.9473684211,0.045,0.5157966174,0.09361447182,0.4392033826,0.3806787295,0.4938510881,0.4002366163,0.509061982,0.4835315607,0.2164205696,0.2504465326,1.719868421,2.215219298,1.5875,2.159166667
8547688,Willem II vs Fortuna Sittard,Netherlands Eredivisie,X2,READY,SMALL SAMPLE,PRIOR / SHRINKAGE,DA,0.6556239522,0.6193212705,3.630268176,0.6971625545,0.6088494295,0.6193212705,0.7157522924,0.6888501723,3,3,54,54,0.05263157895,0.9473684211,0.045,0.6106239522,0.09361447182,0.4392033826,0.3806787295,0.4938510881,0.4002366163,0.509061982,0.4835315607,0.2164205696,0.2504465326,1.719868421,2.215219298,1.5875,2.159166667
8547688,Willem II vs Fortuna Sittard,Netherlands Eredivisie,12,READY,SMALL SAMPLE,PRIOR / SHRINKAGE,DA,0.7835794304,0.7495534674,3.402596296,0.7966885337,0.7913871868,0.7495534674,0.7933096896,0.7946813884,3,3,54,54,0.05263157895,0.9473684211,0.045,0.7385794304,0.09361447182,0.4392033826,0.3806787295,0.4938510881,0.4002366163,0.509061982,0.4835315607,0.2164205696,0.2504465326,1.719868421,2.215219298,1.5875,2.159166667
8570407,Sevilla FC vs FC Barcelona,Spain La Liga,1X,READY,SMALL SAMPLE,PRIOR / SHRINKAGE,DA,0.5533081715,0.2148091748,33.84989967,0.6949550514,0.6085134084,0.2148091748,0.3988181716,0.3815108773,3,3,57,57,0.05,0.95,0.045,0.5083081715,0.08995651433,0.4466918285,0.7851908252,0.4575966751,0.3914865916,0.6011818284,0.6184891227,0.2108285936,0.1277243742,1.693825,1.3434,1.1775,2.1775
8570407,Sevilla FC vs FC Barcelona,Spain La Liga,X2,READY,SMALL SAMPLE,PRIOR / SHRINKAGE,DA,0.6575204221,0.9129151994,-25.53947773,0.5424033249,0.6323598393,0.9129151994,0.802227444,0.8109795671,3,3,57,57,0.05,0.95,0.045,0.6125204221,0.08995651433,0.4466918285,0.7851908252,0.4575966751,0.3914865916,0.6011818284,0.6184891227,0.2108285936,0.1277243742,1.693825,1.3434,1.1775,2.1775
8570407,Sevilla FC vs FC Barcelona,Spain La Liga,12,READY,SMALL SAMPLE,PRIOR / SHRINKAGE,DA,0.7891714064,0.8722756258,-8.310421941,0.7626416236,0.7591267524,0.8722756258,0.7989543845,0.8075095556,3,3,57,57,0.05,0.95,0.045,0.7441714064,0.08995651433,0.4466918285,0.7851908252,0.4575966751,0.3914865916,0.6011818284,0.6184891227,0.2108285936,0.1277243742,1.693825,1.3434,1.1775,2.1775
8584512,Cádiz vs Girona FC,Spain Segunda División,1X,READY,SMALL SAMPLE,PRIOR / SHRINKAGE,DA,0.6269571845,0.5467399208,8.02172637,0.6632493399,0.6345901375,0.5467399208,0.6082481996,0.5359927859,3,2,55,55,0.05172413793,0.9482758621,0.045,0.5819571845,0.02865920242,0.3730428155,0.4532600792,0.3842001375,0.3654098625,0.3917518004,0.4640072141,0.2782227302,0.2774501091,1.228000605,1.130868875,1.053333333,1.194166667
8584512,Cádiz vs Girona FC,Spain Segunda División,X2,READY,SMALL SAMPLE,PRIOR / SHRINKAGE,DA,0.6512655457,0.7307101883,-7.944464259,0.6157998625,0.6427522693,0.7307101883,0.6784432499,0.7083990236,3,2,55,55,0.05172413793,0.9482758621,0.045,0.6062655457,0.02865920242,0.3730428155,0.4532600792,0.3842001375,0.3654098625,0.3917518004,0.4640072141,0.2782227302,0.2774501091,1.228000605,1.130868875,1.053333333,1.194166667
8584512,Cádiz vs Girona FC,Spain Segunda División,12,READY,SMALL SAMPLE,PRIOR / SHRINKAGE,DA,0.7217772698,0.7225498909,-0.07726211072,0.7209507976,0.7226575932,0.7225498909,0.7133085506,0.7556081905,3,2,55,55,0.05172413793,0.9482758621,0.045,0.6767772698,0.02865920242,0.3730428155,0.4532600792,0.3842001375,0.3654098625,0.3917518004,0.4640072141,0.2782227302,0.2774501091,1.228000605,1.130868875,1.053333333,1.194166667
8574233,Sporting CP vs FC Arouca,Portugal Liga NOS,1X,READY,SMALL SAMPLE,PRIOR / SHRINKAGE,DA,0.7058450086,0.9200174825,-21.4172474,0.6343863613,0.6345898291,0.9200174825,0.8512522408,0.7565692571,3,3,53,53,0.05357142857,0.9464285714,0.045,0.6608450086,0.0008227248901,0.4813597535,0.7867132867,0.3793010008,0.3801237257,0.6267904404,0.5145155279,0.224485255,0.1333041958,1.393080357,1.363110119,1.800833333,0.7408333333
8574233,Sporting CP vs FC Arouca,Portugal Liga NOS,X2,READY,SMALL SAMPLE,PRIOR / SHRINKAGE,DA,0.5186402465,0.2132867133,30.53535332,0.6206989992,0.6198762743,0.2132867133,0.3732095596,0.4854844721,3,3,53,53,0.05357142857,0.9464285714,0.045,0.4736402465,0.0008227248901,0.4813597535,0.7867132867,0.3793010008,0.3801237257,0.6267904404,0.5145155279,0.224485255,0.1333041958,1.393080357,1.363110119,1.800833333,0.7408333333
8574233,Sporting CP vs FC Arouca,Portugal Liga NOS,12,READY,SMALL SAMPLE,PRIOR / SHRINKAGE,DA,0.775514745,0.8666958042,-9.118105924,0.7449146395,0.7455338966,0.8666958042,0.7755381996,0.7579462707,3,3,53,53,0.05357142857,0.9464285714,0.045,0.730514745,0.0008227248901,0.4813597535,0.7867132867,0.3793010008,0.3801237257,0.6267904404,0.5145155279,0.224485255,0.1333041958,1.393080357,1.363110119,1.800833333,0.7408333333
8711532,KA vs Thór,Iceland Úrvalsdeild,1X,READY,VERIFIED,,NU,0.7128369741,0.7251575376,-1.232056342,0.7282191473,0.6697520644,0.7251575376,0.7282191473,0.6697520644,11,12,138,138,1,0,0.025,0.6878369741,0.0635362171,0.4932763395,0.4944255938,0.5140719938,0.4505357767,0.5140719938,0.4505357767,0.2195606346,0.2307319438,2.036969697,1.440606061,2.036969697,1.440606061
8711532,KA vs Thór,Iceland Úrvalsdeild,X2,READY,VERIFIED,,NU,0.5067236605,0.5055744062,0.1149254253,0.4859280062,0.5494642233,0.5055744062,0.4859280062,0.5494642233,11,12,138,138,1,0,0.025,0.4817236605,0.0635362171,0.4932763395,0.4944255938,0.5140719938,0.4505357767,0.5140719938,0.4505357767,0.2195606346,0.2307319438,2.036969697,1.440606061,2.036969697,1.440606061
8711532,KA vs Thór,Iceland Úrvalsdeild,12,READY,VERIFIED,,NU,0.7804393654,0.7692680562,1.117130917,0.7858528465,0.7807837123,0.7692680562,0.7858528465,0.7807837123,11,12,138,138,1,0,0.025,0.7554393654,0.0635362171,0.4932763395,0.4944255938,0.5140719938,0.4505357767,0.5140719938,0.4505357767,0.2195606346,0.2307319438,2.036969697,1.440606061,2.036969697,1.440606061
8419260,Unión Santa Fe vs Independiente,,1X,CRITICAL MISSING,VERIFIED,,NU,,0.6979755446,,0.7378105677,0.6410563402,0.6979755446,0.7378105677,0.6410563402,12,13,390,390,1,0,0.025,,0.105858139,,0.3839501174,0.4952926305,0.3894344915,0.4952926305,0.3894344915,,0.3140254272,1.667692308,1.146858974,1.667692308,1.146858974
8419260,Unión Santa Fe vs Independiente,,X2,CRITICAL MISSING,VERIFIED,,NU,,0.6160498826,,0.5047073695,0.6105655085,0.6160498826,0.5047073695,0.6105655085,12,13,390,390,1,0,0.025,,0.105858139,,0.3839501174,0.4952926305,0.3894344915,0.4952926305,0.3894344915,,0.3140254272,1.667692308,1.146858974,1.667692308,1.146858974
8419260,Unión Santa Fe vs Independiente,,12,CRITICAL MISSING,VERIFIED,,NU,,0.6859745728,,0.7574820628,0.7483781513,0.6859745728,0.7574820628,0.7483781513,12,13,390,390,1,0,0.025,,0.105858139,,0.3839501174,0.4952926305,0.3894344915,0.4952926305,0.3894344915,,0.3140254272,1.667692308,1.146858974,1.667692308,1.146858974
8409648,Mirassol vs Botafogo,Brazil Serie A,1X,READY,VERIFIED,,NU,0.6683753209,0.6957915832,-2.741626229,0.6840387586,0.6096321831,0.6957915832,0.6840387586,0.6096321831,14,13,267,267,1,0,0.025,0.6433753209,0.07800287587,0.4171479365,0.4100200401,0.4455248605,0.3903678169,0.4455248605,0.3903678169,0.2512273844,0.2857715431,1.666593407,1.369423077,1.666593407,1.369423077
8409648,Mirassol vs Botafogo,Brazil Serie A,X2,READY,VERIFIED,,NU,0.5828520635,0.5899799599,-0.7127896373,0.5544751395,0.6324780153,0.5899799599,0.5544751395,0.6324780153,14,13,267,267,1,0,0.025,0.5578520635,0.07800287587,0.4171479365,0.4100200401,0.4455248605,0.3903678169,0.4455248605,0.3903678169,0.2512273844,0.2857715431,1.666593407,1.369423077,1.666593407,1.369423077
8409648,Mirassol vs Botafogo,Brazil Serie A,12,READY,VERIFIED,,NU,0.7487726156,0.7142284569,3.454415867,0.7614861019,0.7578898016,0.7142284569,0.7614861019,0.7578898016,14,13,267,267,1,0,0.025,0.7237726156,0.07800287587,0.4171479365,0.4100200401,0.4455248605,0.3903678169,0.4455248605,0.3903678169,0.2512273844,0.2857715431,1.666593407,1.369423077,1.666593407,1.369423077
